entity_id,early_rate,total_txs
HkeGtr3nqfrm76gXiXij8KsyE6b9HK2vGFNJFEvBYESB,0,16266
STPTshazcjH6cZMHzQBrggFSPHXYCTRGB7ctqS1AjkH,0,14
E99w1XfS4UNM1xUKXWEuDmj8Mduy7u65jm2NCULTspSV,0,16
puffinQSvKFriPbyE5atyx1ptfnyytovbzxybr1jsyy,0,15
5ZjxMYBbnKd4VFxLjAChSWMTeQ96147HnxZvQJxUseHV,0,16
FBbqKvwLfKGZrKrfSbPJz4ymQ7zMarhRyZtu1RBkSe89,0,16
BNtHBLo1L2vAG7PBQ6mJvWz7GqVPxBnioXsY2Gjtubrg,0,353
2Le6TjeEescF87qDA8Ftdz6U8Kq6SNVwoLJLhzBCHUr5,0,30
Aw5wEMXhbygFLR7jHtHpih8QvxVBGAMTqsQ2SjWPk1ex,0,16
CVvaeDPR2o7P1eawG5c9TPFLzSXAewwPovPmREaEL4Cm,0,158
HVXXmNKkmDZbZwj74iL2Y9Wu4SyrchBoxAfFYVAktLrG,0,15
MutT1jxCXbRWJXpXoJK259gLrNfzDezdxS3BSkQAmv1,0,30
Certusm1sa411sMpV9FPqU5dXAYhmmhygvxJ23S6hJ24,0,15
9UM8wQ8F5oMiRcP5YdqD6Lr4krpBWCD8LtgQYoisJd9i,0,16
84gC25fbFKYueR9WEfreUysk1n3ZFxLFDDjbyqeqGpoW,0,15
FNKgX9dYUhYQFRTM9bkeKoRpsyEtZGNMxbdQLDzfqB8a,0,16
74Xkp2iLXm315h69sFRiCFjmKnaWkMV8W2LgJwPRSgN5,0,63
GK2YYwmQk58xA2k2SeugY3i334SJVViqTT8sT5wim3Dk,0,15
FZ4MT1HYJHd9GK8D5mJ9f3r7irLaDL5NxBNLjGqrLqs9,0,45
mrgn28BhocwdAUEenen3Sw2MR9cPKDpLkDvzDdR7DBD,0,30
Awes4Tr6TX8JDzEhCZY2QVNimT6iD1zWHzf1vNyGvpLM,0,12
5ivRNcK1yThcK3koZR1oikAfuNm6rj1LceMskayoVSzc,0,60
GLAMiBuunBioazKwNbkGnWP6BM2sfVjehr4goPPGBFAC,0,15
91oPXTs2oq8VvJpQ5TnvXakFGnnJSpEB6HFWDtSctwMt,0,61
2t53LvZfskcpXkdwLaBnfZLbNgyVHPu2BNFpcRBaEBhM,0,15
ALPHA6rdHZkx1om79xp47vX1iZXcbM3qfEwLyttZ1T7R,0,15
Ex1AxFCipXGfSxgvXPPT3nPQUARddCduHwKR6jHiXAaT,0,15
H8fHToVcZPi5bupGZohGPX2SWs8NHzgFKQ31wi5n6oux,0,15
anzaeL7Lsv71HW2mew8YcKGyGqL6qNn3xoNPRrejM73,0,15
AmjX7CerZbHrU814UeBp2gJC7gANNG3KrP4c3RyD7TSD,0,15
DZVySotZvrvJyVAcgjFtUDm93zoCaq9wBruMAUz83CWW,0,31
2pCxbAfUEwuL2k9Fiz3xnronPqRnXsuz9XV76ddq2GEt,0,15
7MTjmteQHhthwwTZhUzsc2dP4NBvGNRqj8jzdqNxHFGE,0,30
ZoD1XLMhxdMveAJL4x9oab4FhRKP5NThTnSCH19Tdjp,0,15
23SUe5fzmLws1M58AnGnvnUBRUKJmzCpnFQwv4M4b9Er,0,15
65pHd5P2VrehonT1cdJ2JUnq5wi3WUgfL3A8RhYH7Kg7,0,15
99rG5AhkVagxJ7y8NpMAmy1h1u9GhT3h1Cimu2X3cwaJ,0,15
EvnRmnMrd69kFdbLMxWkTn1icZ7DCceRhvmb2SJXqDo4,0,32
AccReGBNBdUCEJ7ZyP231jw7uVJ3eF9u4cLBFAyqQuWm,0,15
wifwUaAXgGXixi757cinR8RhAzNuuyKg8hh7mkCDPEc,0,15
8vk6QpG93JSaQCSgnycBsv5qmfQBk4qC9FjNA35E5JhU,0,15
R2D2imoV8nXk1ngT9v4dEK65We4uLNyUarTBdWbFruq,0,15
LFGGGJtnBLvq78DyMz1gTeedM6f8owck76qHThDABBC,0,15
huinBRP3muBuqZLMW8ARjdn4mBnEmFFcxiBzrkQz553,0,15
GWJyUxzcVwRRtpLuLiu1mpiUQsZ4onYFAYfCjQnuLmz5,0,15
nymsHergYedT9CJMgtGMvqXUTGcbs5o3MiWTJUbqTGY,0,15
AYY1TCe347UZ7zueBmF4MyoFkeEZquRUNVBNoUZiRoew,0,15
SWiz7QwnYPm61pWWUUkMhj4r5pZLP1SvYibdHcB2cov,0,15
privaEdSEmnMPGPoQACUkcDGkFBbTArVvsEGd7C5wUM,0,15
5MAGJ3zShtXMMVXjZRoFqtFF7XhP8iLSyZrxdL7KpjcB,0,15
11AMA4mnNbsrPQeuoNN7uiZVJZtqEzQHrTfa5vnbcjk,0,15
DRFh448Zz6AaHLJPZTgSw4fwv3eu776Db5RYEY4BqT7X,0,15
82vucuWCTTQEz6nYe3VetnL3pJYBrfDF2gDAjec9sPUy,0,15
CZanBzZHFzrGY5qKzaX3CNhJ5smHEMTWFFnoeUi4J6dr,0,15
EtoMApqP2h1vVm9XLTTp5HERNezm5btkqrdAGQ9fZRnp,0,15
gangtCrQg5RmKf5yxvhvZThPugPX58pDSdQ5UuS26vN,0,15
HzrEstnLfzsijhaD6z5frkSE2vWZEH5EUfn3bU9swo1f,0,15
HbidP4hpQdwhkzrxder3x3VNPt6DQnE25gFG46napD2p,0,16
5HYjArGt81naevDdwMaEx8yeGNw9jYBSDJa8YavT9Mp4,0,15
4k6wgP5WPBKQpsFGtzuXNrjcTE2fKWLj17nDvFeG5zSF,0,15
LTP1bMnfq1Z6UctyDXYHo9qcUJ6ReXm9cG2VwQcsHBt,0,15
kyzzzgRymGpePUsLyr48kQHt53kh5CSfRH1qfvz1xgj,0,30
aXiomFkk6VzXaBhPuhMqTLZZguCFzzbyP9LTtZ7ZHLQ,0,15
BeaCHioStqCEFDFxKwAEzyrUPYxqnBPhJ98gDKeEiTPb,0,14
4mzLWNgBX67zVwTykNnq96Z6KQLc8UyV5Q35EfVCDifC,0,45
BGAjnivVWqLqByqCVT9dSyPUFicvyJrz7vRvrvui3SEk,0,15
9iFPQbP1jGkj67sXg6YLLGRUBVEDMcapdS6jmCZSnz8R,0,15
PoN1E3VyqwqoGQEhC8ExpkRKTuyhxtGLnHHH3DwbgTU,0,61
bonkcbAQvHpYWxEG63E8ufTB1cxkkk9eAKaPdGePE88,0,15
2UBhtRuyr9nvWsUnrbWrvJiYWEU8TVBD4PLYQJKiRa9H,0,30
23U4mgK9DMCxsv2StC4y2qAptP25Xv5b2cybKCeJ1to3,0,15
THE1CosYJD9F1eBq53Fg4MZYZa5WrPUf2RQU5ZHnfEj,0,15
G3a3iYZKNLbivothF3twqcaTCEvoPb9uJ2bFc9DNKkBQ,0,15
DiveRaPKviyDnQyiiMFdV4rujsCBJzMNvPjKfvGNLGvL,0,15
5ysfTZ42VT1TjnjzQShZSrix7wdVtjXwssocSeYKDs5d,0,30
4JahMMrVRS1gimWoXpD5H6KwKc2MrsoTDFMaStMttL1E,0,15
Ey3DkEVbfBxfWmkTsG7Hqj7jshYf5Zx9H8462Zjjkykf,0,15
8cqck84coxk8TGXYBD95QosKCEA6fKwXLevcEv3oGmu8,0,45
BCS95L5JHBWHvWkcEJBEF3BH5QHxKcPeaTgoYmHLvfFh,0,15
5TGfVQV1S3wHE9hkgGaQkRoPC7xZxiqwMcjQZxVYsf1j,0,15
FyLVPAKkgdAy8Gn9jnFYN5yjC1ubQWRkw2EHt2UnC8uA,0,15
DWvDTSh3qfn88UoQTEKRV2JnLt5jtJAVoiCo3ivtMwXP,0,15
2abwQG3v2xRemFxRszVHSfnjJNe9zu5X8duKgxjyLeaK,0,15
SSmBEooM7RkmyuXxuKgAhTvhQZ36Z3G2WsmLGJKoQLY,0,15
1Link6hB1NpkCwJt3ZtpQKZszKauhEcKgiWjaU8PRDG,0,15
2oHUYyW2PU9VJh4XBs5TbGgzdernunvGqyKth3kxW4ns,0,15
revtecFsGSRCdF29atQvchSXrjwBesA9vSisD4fyH5K,0,15
3WDh9HgusCujDmXCVhophLrHvoKHQd1Sd4uFHz1Awo35,0,15
8n4pc4sCJtBeLfJdGyJn6EcZuhtfTiepRa9ExdJFdmEN,0,15
7G4RfctwLLgqG4ZWfCirU8dfJd87mKQWgB4EHQRv8i7v,0,15
CMPSSdrTnRQBiBGTyFpdCc3VMNuLWYWaSkE8Zh5z6gbd,0,15
VQwCCSfW3o5NDx7n5FBr9SoYiLXVgetstHvaWBvv2YH,0,30
6M53yM6dsE6hiaHgxWvYa4fsfzQTGyAZn7rM6JrzbqJV,0,15
CVgwMrWo9chKEuEPCe6Za9KJe8jamnAcoeWzaMeNubr6,0,15
bay3wXfJsu9ds1zQBoQQ4DUwFGs3NP6q4gca9WM5G1z,0,15
8Rf7hLczBzGb71rmEjw3h9tTcxGijDiDHL651H9SfSFa,0,15
9pBHfuE19q7PRbupJf8CZAMwv6RHjasdyMN9U9du7Nx2,0,15
nebu15XQKGpxzhhckADBX9PgvGN5qk9RRJCFLKc118w,0,15
2icWF7TvxyycF7d1NHpMZYuJJqiRy2h7wmjFSbqUij1B,0,15
grptonHnt7YSmJokGK9TJJTBXDT8ca4LSWMHCCfzzPa,0,15
HFTcVVrX93SJwYHAiiHAssb3c4zXqSsF4mNjg5arGPEj,0,15
1KXvrkPXwkGF6NK1zyzVuJqbXfpenPVPP6hoiK9bsK3,0,30
soLStaCk5TiGCpeLKa9Fvv6f5JQGMa6S3uhLh826e9N,0,15
ana2y2YvQ3ZPMwm6qhnN3nJoUSiT3qx5Pvetkq9xcfY,0,15
6TkKqq15wXjqEjNg9zqTKADwuVATR9dW3rkNnsYme1ea,0,16
DDnAqxJVFo2GVTujibHt5cjevHMSE9bo8HJaydHoshdp,0,15
A9mvukTd77EbRoBX4ydSCFQHdu5bsRFkNXTTRstA8FAC,0,31
PKdLMugp1Mf88Ji1GkdqRDBewaUh2cqg79CBEo6eJoQ,0,15
PAWsME7oYbjt5TRNc11mBa33JhKnQr9AYherdr9YAZ6,0,15
Tri1F8B6YtjkBztGCwBNSLEZib1EAqMUEUM7dTT7ZG3,0,15
ANC1u9sY36q3mi2MyVhtz71un8yLgTsFBUuyLcSPzKsk,0,15
G1bLKfyNm7zsmmYEL9dyxBvMtxpFcwy2s84bHDj2ZFUY,0,45
5LNEDitSMhApT2uFnmtN7FmjCiGuatpnb2uU4f3shrk,0,30
CfgRXmp1LEYr97EaT2RyoL2cSvtWgJh52Bes89RxVSoW,0,15
5ejbTALcBsKQ7Cj1iSuu2mY5jqbYHqh9gF5ERXLiYj1z,0,31
FFevTkywysWf8PJvH4DZkEp4v9ks9HJPJhZWbhhJiYnr,0,15
FSyAsxcE7g8pSSEu5nx7Hkz44rMZiYio5Wz8Lszh3Nbi,0,30
orbit1bWKxnECKLqjhm5rybTiEC2GEYbecyebgEfM5q,0,15
8GLRbAstsabZuZUx73AoyfGi1FRCWSUhRgMugFyofEz7,0,30
JD549HsbJHeEKKUrKgg4Fj2iyv2RGjsV7NTZjZUrHybB,0,15
8Yq98CFAorqAc3CN7XtMVgKLrBc78wsBvjhAbFr4sNQ5,0,15
CG4tRANBKrzUmpv93V5sgftjQznBdiJsc2yPCzZWWuS9,0,15
8nbE53mcKhy74HLiGZ1q5HRocwiCvgh49csSaHSdtukr,0,15
HzF7Kov41YJvKNkVEepUByEP5NKG45NJTc63JUDxT7tE,0,15
MicoB9cA9R6jsicdhzWFjwd9HMkV8FA4o3WxYU6Z2yz,0,15
Atom7LRkdXj6MBoWJPgjaetrCMrgB9nnkQBYXTWE8Z3S,0,15
HcZvwZ83PfjrQDiq3GLHxisTs17aGURs6bJ2LwtmL4qv,0,15
GQiWnDYrzHMALWG9avt5FCu1wisAQHjGY5ve7GMBiPEe,0,15
43Am3PKFeo9cACpqYL5Sk95rpVdxLw3Mc22PqRqZXEW2,0,61
spur5CDwBvTZszvy1ozGjRc1x2TuDWo3VF4jrq7zgvD,0,30
MBVyz9s72WSfUmbr1S8fgHjDJQkPs1Q4Wxi6A2Mees9,0,15
ETuPS3kRfLufz5VSYN2ZrePoEVSZSpgVPKz3MUZpYe3x,0,15
DZKTNGR3r4Akj3G42ReZatKhkmgEXoZjk5Ed2tFwRyqm,0,16
8T8AJfUCXwPFwEMmjca8gCRSktPrqbUBVa6ggNyhLhFJ,0,30
q9XWcZ7T1wP4bW9SB4XgNNwjnFEJ982nE8aVbbNuwot,0,30
2gDeeRa3mwPPtw1CMWPkEhRWo9v5izNBBfEXanr8uibX,0,60
8j7RdaofeR9jaXWqYTubqooHpcajP7EfhWbR4UKUB4fF,0,15
AWZhUiQjrjtxL8MEMWsCFbMausFQKkdTnDsFW2i411hN,0,15
NdMV1C3XMCRqSBwBtNmoUNnKctYh95Ug4xb6FSTcAWr,0,15
BM2vE2QqkB9fGtC34WPtM8drbgta13SBkhRq6dRG9J4J,0,15
4mtXJ5pUcMMB4t8cLbi7zfDJCHfYLRrQb4qSLmh57sKL,0,15
8yjHdsCgx3bp2zEwGiWSMgwpFaCSzfYAHT1vk7KJBqhN,0,15
9gFxqsXbFyrKXUkqpAatonn47uYZ7sEZSnMxhzQoXrUJ,0,16
ABC1U4cf9DZMwqy8ktEr4WJj8VHmVBQibbC57gEJthwY,0,15
Ed9WjPnZfAXsPttcqxMwj94qsuXVRyBsyXnDkxFva2Zv,0,15
4SgoyAwN26iu9Gpf12Bk1rnzp4G4yDUM3XVv4w7VQcAf,0,15
KAW1LjxH73tRBd1XsaqsRsgeERFkg4WpdXUSqR4QjkW,0,30
7tqeaFKsg2K9xKnQWe61w71AtCZVMQvG4hbFAiFAngYw,0,15
AvNsK6uxBBwejyPe7tZqgX4onaCnXTqKQvKRaTe9Ekya,0,15
9maF99FLLAMh5v5JKG1ZyRZVBVsT5VkZnAJzDvduCpJa,0,15
H9ENbtmy2tWFtAJNmpC8xQtbcr1NTp4FXLdphRaG8L2T,0,15
GwHH8ciFhR8vejWCqmg8FWZUCNtubPY2esALvy5tBvji,0,16
6pEtDovpyd1zUMYPuNhMCPU37sUTEAtzzgoVVAh1G1JL,0,15
61QB1Evn9E3noQtpJm4auFYyHSXS5FPgqKtPgwJJfEQk,0,15
3Pfubj3ytkRxFAGwFb5vtacuZJUxko5Du39xie9MBXuC,0,15
4vdWYn2KbmQ3Dns5wVBfz4CFQDds4b7CpsC8MHBhHAib,0,15
6qwYjs5vCSEKaTMBbHinnW8fvdGj1r8cpzPoAV1EHKsw,0,45
dxa6QFqLcByyHykLCAW5tv1VYNVQFV3v6oovM2h8inH,0,47
A23LfQn6khffj2hGhGfXr6P52W2pxrVcCaHVQLYQgiX2,0,15
mD1afZhSisoXfJLT8nYwSFANqjr1KPoDUEpYTEfFX1e,0,15
SELEXm1aELCweknS2tsG6A4WivjVvgrTWn9doHNLj66,0,15
D4r6Rcua2L7nHHhdaiZe2k2bTfPg2WQqcNYpG6bugvCG,0,15
Sh1ro1CaaVjNuihgNK6kay7jwcWzSqD2fdix6RNPaSh,0,30
vahMVcSS3v6uwyFormV7FDAUbQSHwmy6vUedp1P7L42,0,15
fdzip81euDS8jEZHx5H1mn27zGVMLzkgpQuzYRBfBYG,0,15
HM1KjNaXa4w8K4gCXbieoMh5gUTNeUhg9fvdXMKeBW3L,0,46
4QNekaDqrLmUENqkVhGCJrgHziPxkX9kridbKwunx9su,0,46
By8MseMKtZQQaQjMHJiyetmc5AC8RZZv8C2ss33ktrHt,0,15
7knvB4bbqHCKuNp3ef2hJWdwqoH6WAUi55NQt6LdRfkx,0,15
Mwz8VgAEnPtfqS62r3ixrFiMJwnNfEwR141CGnsTo5k,0,15
UZBmptMjMSQEPKm4WyUkJeAuvZSqTuNK3cQCKFqJcXT,0,15
N43JWBg42ZoUFMkHsRUVbP7wGVdxaHKanqaF9BBNiFC,0,15
EUcJwf7jXskRE6NZBtFPVH2EedNvNYko8LL2WT62XctB,0,15
BPKAfGkkzF5u1QRjjB1nWYYbPMUCMPJe1xZPmwEMNMCT,0,15
7Zm1pE4FubFYZDyAQ5Labh3A4cxDcvve1s3WCRgEAZ84,0,30
KoLibrJsbABbtmtFPc7nPvDxT81rc4UPM7mY9xSLjpo,0,15
AqyRvpjjSN6jWYPxijoJwhmKwJFk6fRYDh9fQZHcJ2o7,0,15
BSGMRbK97DcgLe4u4kfNQnmTVZGVnwdtKQBJqWRBTZxU,0,31
8augxYLUge2iWmitQMwbcBL5VQEpsM6aJdRofhwpnzyw,0,31
D1A4F2yh38JLQExKjDiCi4G2tCMwj93c3sikseSSePKe,0,30
3YX7PQuESmR2h95FDgjahEQjyCBhmY1Ts2MsrM1Kg9DS,0,30
KAoSp3EudGqUBXv46tQoDwbZxSm3iXa9wM2aF4ySbJJ,0,46
ByszyWdqC3rVMWy8f6jwK5cmwkpwYdwsr7UL58xS5vnm,0,15
8aPHvzVV91jZF948tykkoF6WfgLHppNfG8Z3V4gCrDix,0,30
ALp2GdA1eJV8vZHMHazCtTxNXe3BLUSco9LDASgjDs8R,0,15
BCJN2vZFAHDYmufBDcbD5UAQHSyerXfc6UQkgX3mSWuh,0,15
vaoJKVZYPAsqc52T2nNQhABR1gU6Cy2koDKfCQaEiva,0,15
9T6SNsBimjCRJpkEjiVsc8AcxTBa1XVA7RjnBGGfWP23,0,15
HW4zorvt6xDwhU36RqjcWNwU8YMj9tiqnAafBKW4cqV,0,15
6xUK9Nbonr4eoJNtHGoUEMmYKoPz5mipKzyDBv6deX4d,0,15
ES1M3tMZ4rMTJ3apE75cHfeGWizDTrMMXy2zKtWkd38R,0,15
2X7WoaXX9KPqNrNfvguhnwo3rjFPNsfw2t75fGjWRthz,0,15
CLsFr1KZVbAyz16iFpwg2e4hiekR1unpwyxfNdjBMaoE,0,15
EydLxzdWfD434DDxZYXkTcajvK5VKH7p6CofEDCRUkJ4,0,15
2zykwzzo1pd3H2oSj5j5SRLTvmpa9Nr2S2Bh8tTVd5Tq,0,15
Fd7btgySsrjuo25CJCj7oE7VPMyezDhnx7pZkj2v69Nk,0,16
3rqEEEGjHRyndHuduBcjkf17rX3hgmGACpYTQYeZ5Ltk,0,15
BiU1DNow77wGwSXW1bLmkcQe2cuySpkbz7xtbitD9Fmk,0,15
Hj2jzpAp57KyM3SmnYwJbDVrQ8tTWizMon2hhzYzwxet,0,15
5tfcGyf3NQFcufDigvbRt9kWoVN2KPEkBRUY3UaC3Zwm,0,15
7TYbdqaFpHbLUWBe6fTc19XPweUMN6fB3GBW3TzZWu1i,0,15
As9NxA9bCfhrVLAFyGeWG5X5iLYPGhU3R7nLfX3tN6am,0,15
EUDis6LJeJzDHTEBgfHGQyjHp63XZkGkx4E69xunC2Ej,0,15
Cogent51kHgGLHr7zpkpRjGYFXM57LgjHjDdqXd4ypdA,0,15
VicAQ3U2GjjAuF3tPCtEQZdZKnpAAxkr5Q3zjDKmdo7,0,16
DtY5Bzxd75iWQRvKwM2xLUxqwLT1RRoeNwmVvgS2JANA,0,30
rssaJ2iKcE9QWsFYRZr8Q66TQh5bRk9DxYrzxGMzWQr,0,15
HH5dA42XF1HxNk1TRpG6LuKfLViMYNdAz5iWrFM4hWFi,0,15
sce1oTWYVXv7a7Hy2skxREozs5nwkQ4wDT8XJSi5tgE,0,15
HMWXfjaeSHhww1wvdBhqhHVP9v96mFB4LJ9xP2MXbDGH,0,15
MRGSoA53J7i4WidVHTxawPyKdr26LdVYCywnrUZ6auT,0,30
ChaossRPGKnsVhX1GfPC78yq5Sqju4cMThcAsKZNz5d6,0,15
3x9nibnhgBHWKMRiGnsXJELRBjviQpKyigfrXtKW27KJ,0,15
9dH6wfdJVgnDcbCUjT8rkmejAzTnGQaFarmLfvBYXANK,0,15
8uPW9msN75rfaKiwy8y8NxEX5zSk2WejtVv5YhZr3jCo,0,15
rapXHroUoGG3KvZ3qwjvGMdA7siWXwXpiNC1bYarvSC,0,15
ELE1xBTfmHB7vuhSH94q23r6j3tuvTXYTqgm1u4uzMLk,0,15
EfPYQ4BUMiKa6736qqrtnCBGkUSRDGSr1WvtyUgWHuyp,0,30
chdvWr6T14nqGRFD37KY36dsvhkCtDaufW5rpu3AfHe,0,15
REA1zKzM5WjDEcpB27Zx2Rk16foNPtLGTETy93LLgNw,0,15
burncPhAzPbo9QCzN9j8ig2FKZjwDhM5zgN2eW3GmWa,0,15
LiFiDJwJjW98MB8wxcnXpafKYsuz1hwpUkuszkERiX6,0,15
pitch9cMruwjDtAnisNS4mwZUPhMsBztNEGu2weMg55,0,15
Crg1X8FftV44NmwfFvgREjanBQmyyS7NEu6duLU7Cyy6,0,31
sTEVErNNwF2qPnV6DuNPkWpEyCt4UU6k2Y3Hyn7WUFu,0,15
Gd33fENP1XsBimff41s1EWrs2kmqfGQqEJ5CQPQB3Jwy,0,30
1i1yPyh843bTfi5qPgqozTbDcEX65rUNEFcUT2KAs2i,0,15
JC7bH7HSZoDhwggBXtRF31cVt71WiizY2J6YDDQfG5er,0,30
D3htsc6iRQJLqCNWcC2xcZgUuvcd1JT8zoYNqraNcTQz,0,15
6YDWxPaJWpZxJ6JLGaBeTJaGQn3gi3Pwtivii9cDyDHo,0,15
icex1C6pnZxznQWiHZZANjGU8nZ8kNquFnjyY7XXrXE,0,31
DCKyEmMENQMtLXgbmUoHRmgP9XdJ9HsR5WxrKnSDCzKA,0,15
49j9bnkdgVNxLwsZ9h88sPR5MYEmsUyKrrJ6ZW8ijBrb,0,15
9ppJrpsbbuGNjiMhhD52Ueco4KXUzVfrtNQ6tAcDab4f,0,15
2Ue9zGmDnvYRrJNEjuAdNkbbickw6fKWtbeNM7T2rakg,0,15
9jJ3YRBL611e7xjXFMBExuninmTWjDnv3FXNotHmPnK2,0,15
Frog1Fks1AVN8ywFH3HTFeYojq6LQqoEPzgQFx2Kz5Ch,0,15
6yFGGAgYpBxgYPuHW4rv7hJmhKrUiXKyHkpVGaYtKrwE,0,46
TxtxXzLTDQ9W4ya3xgwyaqVa6Tky6Yqhi5BLpPCc9tZ,0,15
5pZvwjSpGYCxpJeySwSbSAji7kZe4YntL7rQvXM3YcNT,0,15
fhsM2sxME8cHrrk3qvtMsRRDv5AoLFja7NjNnHeYZxe,0,15
FCWkGAHDWK41ANjiaoPudkCZRkvTecaEkoZQugezUnpr,0,15
5zm9g3zgAPWzX3wmUB2JtTkcwCqe74NWsTmt5wLFwCKK,0,15
TopjgY7N1fJdnW89S9fX6t7LF61nspgXGL1NpgAKhDG,0,15
BJvrWSfonXnS2Km8iA9KLY6D6vS3GcsaUwUNPFBumTca,0,15
FoigPJ6kL6Gth5Er6t9d1Nkh96Skadqw63Ciyjxc1f8H,0,15
parayLyZvwnGjDT2pGqrVn8UDxmNcdNQCE8uPRWMeRz,0,15
CPcDFHCAKkr5Kp9T5aQWJhXV5J6iFj141NMQ87L6poPL,0,30
CkCMabrc3HgBgDkeKPXkbWuQpUuSqW7zs1Mg3HFArx61,0,15
7PpXQgDb9eCHN1Uudgi77Wm89cRz4T85YgDw83qvaJXd,0,15
FSVdqBzx5D4UsqBLnvmH5dFx2dCm1pTPAbQWJ1PYzTJ2,0,15
WUNoB9YQXmXXRcJsjY1G8PfVag5aAfnyGmFd6YwJVwp,0,16
AWcCdYG7Dy6GX45c6QMPbgGwgRZPKcBDT4bXGb3QrVRV,0,15
6gnbmed7kzwQVQ7ghsjgEuCoYmGeWciV2qCwni6WS6HU,0,15
3KiDz3wuZrJfsgKt5KEvRb1WPpbci1PWj78aPVF5ei3F,0,32
6yVX5rkTR3NfgCuu37vkmLCeG2RLqKaJHLj4G6b4Dvzu,0,15
BXAxLMMMUNYfC1z166VjWHR3WjTmqzLxB837o5ghmRtH,0,16
ECZx4Dfyn2o55KTYbM9r3Dt4VZRcrdfdrst7sUbWgrdU,0,15
SyndicAgdEphcy5xhAKZAomTYhcF8xhC7za2UD9xeug,0,15
CpgSfd6QUoBw1267rTtJoZhELqC5q7isKLojBifSbNEE,0,15
F3tdN8SoakjEPb743VY18YyKJWYHo6rojV3nkas5YJh8,0,15
3s97yjq2MhoPVPC3U9VeE3Z5S643Pweovg88ysvrQPw5,0,15
5ghoFEVrsXeAPB6SUmBpZ2xq3KvHEjNMeSaBnxEBXkHV,0,15
5ikB9XZNVsjwKb6hHT3FS3So1Z1SrDvU5yaniWEQyDEG,0,15
HpcB5Qg8Y9E73dUkot5e8HkgAJbExsYeUzniY4bCuKac,0,110
AiDoLWFKzNxSXKeZ4zym2TEPkg6F4kQ3YBA8WhANVPEq,0,15
dst2u7mXMyDvb14cSErRNA1mxH1d5VXbSXgZ3DKE9xH,0,15
DP9iBgK9c7tJYb83KhxQMFNc1LXYu7nE7EhWpEzQnjmg,0,31
H9METtoxNp2PhcDNxXwqpzBarJw9zJezhzdDEFgBqv8w,0,15
6y7V8dL673XFzm9QyC5vvh3itWkp7wztahBd2yDqsyrK,0,47
CBUGET5PnvLc3HvEeFYj64iTvdKhYV6pujTPDdDh785K,0,15
7CR6whiYULVf1Knj4J5PxUS37opdk8UAx2WnDzBQKiVe,0,15
7Nu9ckgtjobZ3MkbadGFKEvRymYuah9HmcxiUJKMM9NB,0,15
Fb77sbwgXmtjmkjkaoSckGp5yg3nqdtD8zf1dyxxiCSf,0,15
STaKesuXJH6UGRizuEVSWG1tyLu5ycKgWj3i1HUdvs5,0,15
8ZQg3K1V1Z2BVJkjmnxpi43WKhjPGXphzu5QmBkJibSP,0,15
4aRPyjsqqFsf5488a9QAaHJLQJMGwoL5P6wRtLmroe2d,0,15
73hojLdq1vZDSxeVQEqVFJ4iwLngdvEJPEpEHkSdv6BZ,0,14
BfgMdL4FaNHp5zZpD7WMYG5sZUrCWQPEjXDwWS7M5q3F,0,15
ETcW7iuVraMKLMJayNCCsr9bLvKrJPDczy1CMVMPmXTc,0,16
ACTGYsH7bHbaSP7z9N86oLPHBThAELbGfTboc1VoFeZz,0,15
DB7DNWMVQASMFxcjkwdr4w4eg3NmfjWTk2rqFMMbrPLA,0,15
CwyVpfmfSiMeCexi3JgUNvaiDfYN14cLDjzT99zcBuD2,0,48
9AW87WqARQonyJYhx1G25fKfvjURFYVmHs79z1NUXDPD,0,15
BR1aTt4ZZUCwWJDkSYf1hqkYJjo7Mb7Ar8iVTkeSwUB8,0,31
4XspXDcJy3DWZsVdaXrt8pE1xhcLpXDKkhj9XyjmWWNy,0,15
FdH9QEQBxPQfaF2JpcjgdfcMnDb7rjZkCDRCWLRjTQwj,0,15
hnhCMmnrmod4rcyc3QRKkLEC9XnPTvYJ2gBvjgFiV4o,0,15
UPSCQNqdbiaqrQou9X9y8mr43ZHzvoNpKC26Mo7GubF,0,16
UNrgBLmc8JT6A3dxXY9DWeHvDezt2DZQbhg1KPQfqEL,0,15
ciTyjzN9iyobidMycjyqRRM7vXAHXkFzH3m8vEr6cQj,0,16
7nzTzRZzezmugqE5ZjHRMxarhXunpwZ2PUdjV7uYzt7A,0,15
BCjGyexo1i7qpN9CbJ9Zt8avWr4Lb2JRtcm43sJvsgQK,0,15
2XmhZKHmfjku3T3nC9xKhgr5bm1CAmWXqNsNt49mo82C,0,15
AjGby82yXeYgj3kmng9y3c4nQpZFmiPpJKecLJTHbfbP,0,15
EBk678aQvc3cUkfGyoehfw21JQfJXjmWuBeopYc89RSV,0,15
3SkE34PVeGck2ArEffFKjihrQgURsvnoTAhitsNXNzXd,0,16
ECNnK4VjcKTsABiw8FAp3JCE6tCmYyrEJthYVyMazmxi,0,15
DEU4agzdUCA5oZ1QSLxCyZb1smvdu5j1NXXsK2r823Uu,0,15
8pyp3vfVPRziYdAYEyqkwytdBbdVbQmHqfQAVDcRV3w,0,30
7ZjHeeYEesmBs4N6aDvCQimKdtJX2bs5boXpJmpG2bZJ,0,15
RNXnAJV1DeBt6Lytjz4wYzvS3d6bhsfidS5Np4ovwZz,0,16
EQhTjikb1L2jvxsCaSW2o2TuRXh4Do6HzBEWCxpeM44W,0,31
popscoyTKVksa4TyTXw488b3vvFxM7qQEyTBeMQopKu,0,15
yJeahQNRHNWtL9Z1SqPX3SBwTYXr5ECMYYVK4uYVwxt,0,15
9n1eEtJJfj1535NYfx524QcCG5aHbf5DH7ejqBrFLBwG,0,16
PAD9aPiKJGcbGxuVLbc8o4Vf65GPq3fJQ7PkHWuX6a8,0,15
2uxEHizFmmnLekKG2LZJwxNabhpymEYfdVCpgDxjt87m,0,15
CoG8d9Fp2TFJRkAmrPMiPsGhQWHzdTTVoegEp9svRgmJ,0,16
peNgUgnzs1jGogUPW8SThXMvzNpzKSNf3om78xVPAYx,0,16
GmCxjmjKZoaKN1DKunbYq8RCYib94Nm3sHyncFfofaF5,0,16
AS4i8EXUZnPbmNT5ZXmoTEbrXQrbFoReiWwwFB43Ds5z,0,15
hyp3Eo67t6FgeuWg5Qxbeme8NPXJPXXdKT4iJ4DsLf2,0,15
3KNGMiXwhy2CAWVNpLoUt25sNngFnX1mZpaiEeVccBA6,0,30
9q16BB7WGmBxf1nJTdxH5zPnBUhtHqdqXqRFjSjuM4k7,0,15
58KprHKFNHgH1Cvo4QwxWkDeJNaSQVteCoAAFUWjtESn,0,16
MARiKM3t7pDCyXtvLq24ErWDAvYu84yXqCthkR1GS33,0,16
mint13XHZSSxtgHuTSM9qPDEJSbWktpmpM4CZxeLB8f,0,15
7QQGNm3ptwinipDCyaCF7jY5katgmFUu1ieP2f7nwLpE,0,16
3RXKQBRv7xKTQeNdLSPhCiD4QcUfxEQ12rtgUkMf5LnS,0,16
9USijQaAfSzw6gWbHNq68VVigmj3HvffDJYhbK4tfquB,0,15
2kVZVTY8FMRZ3WuHzyqNz8qd4Ytbba9f9DaesUm5WLvR,0,16
5d9Mdc2Zk8as8GL1AxQeXxv5htBBvC5bjfmsXC7UUWwG,0,16
HLXxkmjb47spcmbbKi3UCfZ2qmFY29t8MN562AEmh2Qh,0,16
5marvipGzf98hxnoJFXsZbGHSXcEQ3yRGJ4ps7D3V4ou,0,15
5VrW7YNBccVnhnZVmooCePdLFcs2UjfxRT3hoY9mN8Ec,0,15
SoLiDJGk4WkdinyLiRWjkFbgLUhjL3idGJK8H1rUWqH,0,45
SFundNVpuWk89g211WKUZGkuu4BsKSp7PbnmRsPZLos,0,15
DupN8puwoPdFo9EYm8AXemEn9cMsore1QmZzfPaxyUG4,0,16
78sEMVmeecStjxWU7XMJMH8bMRBW9vSiEAhAjtZbt3fW,0,15
D2RV1q6FgePVVjrMa7AMzVbvvAeg5oS7TAV7qdNKSDsX,0,15
BuoZ7q6faiJNTN24r7Kcj8dp96axs5XPEKXmWGsh2pDE,0,16
chopskqnudaeCTENWzUjfFCBSLcxprqbdMoCAucAwfb,0,15
7U68WfpxJF5W1HjVQ2NCQr5EuKhNSvSRAnmWTk6225Jf,0,15
2bpfa8JbFfZUGUsedDsemu6vQUxbhcEM8ALSH3PgXd2d,0,15
B94PGWcxE9iEDov8sZobTkqEY96Yb5gfcsYWSWpQxh6S,0,48
juigBT2qetpYpf1iwgjaiWTjryKkY3uUTVAnRFKkqY6,0,123
8ebFZA8NPLBZD91CwsG1HWQsa2B5Ludgdyf5Hi3sYhhs,0,62
3psxMyr7rQzywVp1MXKd1XFmFz33NjydzCoJx9t2sMQW,0,16
AiBEt9kE8yZ4CnaLfTCGMp7Fg2wCtqhPTfvJ8D3zrLfu,0,15
NordEHiwa6wT5TCjdeWJzpsA7DSmWQPqfSS7m2b6cv3,0,16
2Rv9npqdWE1mLPsT1r2obn3xtKmA5afkxt8GsWeLnKoc,0,143
fotby1ABxpei2EVH9uXJ6KbHYgPjbg4Sny9eRzQjtRN,0,16
5P35CJVKU15Rrh5M6EVkre23EyA3K34kAut2GXhHKM7W,0,15
6gL3uHvuUjaPp9mTBf2VZ4tpKiYhbWyPrAPboGByzEHd,0,16
GREEDkgav1ox1jYyd9Anv6exLqKV2vYnxMw5prGwmNKc,0,32
Diman2GphWLwECE3swjrAEAJniezpYLxK1edUydiDZau,0,16
FugJZepeGfh1Ruunhep19JC4F3Hr2FL3oKUMezoK8ajp,0,16
BoNKmNCGvoHS4CkKvYRnF21iEpUP827pZjhFGdA4t5as,0,16
UMi1r5J3SagSu4HC3waB3YFzbXi82rRSScgW2e8NTfr,0,48
BSMe78Jk1BfeJDdHQj1aXVjrT2aMAYidyNAGQsTshrk,0,16
8tjFeSApQ85ThoQXT28acfF2KUfQr3TvTdirSkzNnYC7,0,87
uxqVAFQfox97HazsPtkKiwhypQH6jEGXkQBHDtXshrk,0,48
U82KEYMnuCiZSQbvuCJTZ652HX9NQ63uNSnxyucshrk,0,16
13DmVBcyrSdsSsLWaKH9x1dwxDf48Wu5wprwxMmLshrk,0,16
SENDa18d6LsC1f85AJXXMncBxQyFQKSJWZ1jaop5K87,0,16
GFXVa19rX6iwfs3sLS5UvX9Exu2usRsG4V5MRMDRo23V,0,16
sTEAKPk59EtPPbixCweyv6oRLNCDEE8pnnef6gUfbiW,0,15
SLAY6uN1zZpXBTfbuDDCesNmM5D288xrz8uYvfS3n41,0,16
12i8gndWWWMTRzJBFhnYkobNgZB3XMUUJq75HeUrshrk,0,16
4YGgmwyqztpJeAi3pzHQ4Gf9cWrMHCjZaWeWoCK6zz6X,0,15
LunaowJnt875WWoqDkhHhE93SNYHa6tfFNVn1rqc57c,0,32
LodeuWMHPiPj2PUHUyca2bkpFv9HyzR3gaDBmGJ9TSS,0,16
SPHERExTW7GaMgS4RN6MbghYvXU2REfFWHgpxMH1P69,0,15
DCdTPyDbXNHrmdv4ZyPPzEfY4mPAqH4hDPtowAteoNgv,0,16
6tpuCGuvAZyUwQPFLKmiUfGUKSBjk3yVHJ314cfJV4ZF,0,16
CjmXSapt1ouz3CZzgkRJckBEwMSo5fVdVrizLeRscwYD,0,16
3BeharBd3j4sKQp7Qze27JLQLd9AEEwGTX9TC7dXYSNw,0,16
7qGNnXKW1e3DsqEaSxwxMdBTFsrK73XtWTmkGitRyMQc,0,16
BCeczqpTRPigndHVJu1KEzno1Uhb4hjrE7ttmAndrV1p,0,80
9PRr9k87HjjdLMRkxtxygidjxVta9VQ1kAsqgLBWXKdQ,0,16
6Rk694kh1QTyQkirdb1uDZmS5xqG9bNaYtxx8d311Mr7,0,15
EATpCzQNs8BzZh1mx1hXMAJm3o1MLXakTXr4UEmcsY7f,0,16
HT41udB8mLZZf7tev9tUoHYJ41TP8GWZ6zFMbjiviXk5,0,16
3Rv6ZVGUuRczP76322LyhTTYw2iM4avV4B5xFJocQJer,0,16
4GEEKSwuiBHWTff9WaqrDcToZjbX6KYdyB4c578Zxse2,0,16
7HMHSdQkjDwz9Q5zAhEy83uzW3XHJchjdpMYapKXcKt5,0,16
EdGevanA2MZsDpxDXK6b36FH7RCcTuDZZRcc6MEyE9hy,0,15
7EzbSahSfSjeRexHcNDLDpzHBAGBLjLKtjbmuoQnEtjE,0,15
LA1NEzryoih6CQW3gwQqJQffK2mKgnXcjSQZSRpM3wc,0,16
E4xNK4UwGnMtkdiUPyx13i6NkFDdW9Gw9NFGY93wEdGZ,0,16
5AsoSeQtLoN8eLsf3wKrR3LwxHME4sTBGR6dpTCP1k3H,0,16
SANDCxXBbQhvbUqNtiLqKdFEY1uQhVo1UgUACaS4mXU,0,15
HnwMGBAw5PxaX56eSYc969MorEy2NzEMPLkmBkdnJmeq,0,32
Lua1fxRRHCnjVAYdfGyv2GbUsRHGM2DN2wgpWuF2WSb,0,16
6JKwz43wDTgk5n8eNCJrtsnNtkDdKd1XUZAvB9WkiEQ4,0,30
G4GT8z4AKWNoy3x6nuzxW83UfFXLXzrwn7DZQt4GvWdU,0,16
eyeYaqg9e2L6xw7YwsSLm27eWJfhLNAm6ETQm8TXNoK,0,76
ADjyeNzWd8yhEjCVyAqT87eqoyGRbimERQsNhFQcXjop,0,32
AEAJtnjjB19XFreJH21UP8rfd12f9kxMmngwZG3tGXbP,0,16
GiYSnFRrXrmkJMC54A1j3K4xT6ZMfx1NSThEe5X2WpDe,0,16
HLnodbYkL5PFA8hjAZDkm5pGzV7eLTvcs671AW2L6St9,0,16
CiR8HNCfkjtcongPmP2DRdZPnFgjSbN5gsXdjmsXXHcB,0,16
AoUwfPuiEek2thVRDhMP7HbQb9rguyab4rDiz2NAfwwA,0,16
Lake8NXDThihebhxS3Js7mFnj9fthmus93zEdsFNrsL,0,15
EWARp8Syq8cTWGWHtP5LT9fKAn5GvXfSCH8LfAwpgQ6m,0,16
DiFeTctQSaNczJNmZ5121kYqLaBe9wDpM9sjCzTELJLE,0,16
96XWbKem84optM8RLHhc8EYJQG8CCWA8F6oqWMPHDweN,0,15
PuRposE4utktenW49N8DCtVzdVEwYrmsrroboEUram4,0,16
h3ZXAE168mNxsszYYrUfkMVSCWx6DU2Uvrx97Kb1Nch,0,15
3cZSHGfNdaULpFAvGbWbxpVwzXB4gHdk8NFucPNR5pgA,0,76
2Wf9V9rPeVRUTfmWdPedCJuWVr6MFfyLuigEq42DuMDc,0,15
DRpbCBMxVnDK7maPM5tGv6MvB3v1sRMC86PZ8okm21hy,0,16
3YVoK8UN62dyiPZnGBzBTkGdwsVmmK1MpRoLcxNRs9BE,0,16
9UbU7oaVXX6t7bMthxzzGPnWumFNxoWqUwX3qsrxb4pp,0,16
9hQqNe3DQTiwhspatewA8EXhz12e6sq5UJVJ2qNRwnTf,0,45
dzBhD4wikyy7xqwiJvT49gdrKqWVjfs9M6cTssmRX8Y,0,15
Fudp7uPDYNYQRxoq1Q4JiwJnzyxhVz37bGqRki3PBzS,0,30
1unarWPGGseFag2WfnoFv8o9P7vTPU8eHex9GinP3eY,0,30
HrpWeJSYnQVtZe3BKxFCBrAEr8GRCmYUbQev4hoGDBs6,0,15
AmhQFcGvH2hjkucP78rn6GMKSbstYwyFpCDVKZUwBGrG,0,15
RFLCTDRBVZTEbXrCd92jnKghYeDJARb6ByK2JnPfQmH,0,14
parafiUS6h6oLhCFwhjvEmQJKw8pF1iXsxMJdTq46dS,0,15
2E2JPuFhjkQvEJEeNGqVSwGLJa5GoFqabQTutGjg1bzw,0,15
32jCuWyy4aJjyv4gd4DSGBHmFU5KUSSfqbmPb9GpMin6,0,30
mds1WWedpezW3qvgML4WgP341jZksYAy5SbMLwjP5KC,0,15
bkpk9KVsDRfrArzzmkJ9mPEvbXfQxczzQYR3QMGiR8Z,0,15
hykfH9jUQqe2yqv3VqVAK5AmMYqrmMWmdwDcbfsm6My,0,15
CwhdMezLucz7bcuWzStpLXgrzKGC2tBBiaVmJZjfprRN,0,15
nSGZ3tv2UhskkPqiB666yDVj7PTi9qKgDqvjHyw5JgM,0,30
sTepQGoReJq2tBKStL19DT6nnGHcGiAvFjyYaokLyuM,0,30
Ninja1spj6n9t5hVYgF3PdnYz2PLnkt7rvaw3firmjs,0,15
SLNDCSGTEsA6KHpgR32MBt9UAurZnVSJGUtW2tRpdU2,0,15
DeepM3FDWaAb7o53rvyZk5YvHLG3FvDiVXJLRY78z51p,0,15
CpNnGGhgVATJAbzHUXdrcGfpPiGuZyPka4QUmH7YgavX,0,15
EAW9vxqogvdPNapq7QTDpiVTHK6o7begUhPVnf854VTc,0,15
6NDen7aDi65apHo8m1Vea4nuS6LyjQeM6pDNqcW4Q5Pg,0,75
Spiky3mMSLHGhffuEhYR7ptMNZ8NddddwrTjki4VhWk,0,15
9U4WqNGVywKt3gG9HSt9tGVXBDXJvgid6BVweRysaJmg,0,15
SQDS9iwyWvT2mQbSZzuNKGoxuBug5jRHouF6SuMRBkA,0,16
p1ayS5DGgrM7m1VU4zcppoTWPbcFGhrBYTh7Wm6ApAC,0,15
Ha1iade1AH3B12K9SccfWoPdFtQKKQsj2ZyWwxcjqJJU,0,16
HyperSPG8w4jgdHgmA8ExrhRL1L1BriRTHD9UFdXJUud,0,15
AnKWYWA1zktynzWqPC5KQFYWrTEWNny2CAHbAVU9zSXT,0,15
A4hyMd3FyvUJSRafDUSwtLLaQcxRP4r1BRC9w2AJ1to2,0,15
vnd1Ps8w3fsi54qUMJxBhUWARES34Qw7JQXDZxvbysd,0,15
mds2fZEpJP688PqJHvfLxGyf2VFrcNkvjuUxNYCwjrq,0,15
EZHZcXFpiiooHDJymKPro6gSVBqz6JfRwDAnSHUwkXRV,0,15
axy3tCRL3wmFMVG4c69rYurcf4fXhBo2RcuBj9ADnJ4,0,15
EdFUcP2f6j9iBg5BqsgJn3WDr1JieiKCo41hZ5Zrsk6w,0,60
hy1oMaD3ViyJ8i6w1xjP79zAWBBaRd1zWdTW8zYXnwu,0,61
CtvdyHYt8cMuGVHFarV2RADfoCdnrbd8e9jAsB225uMW,0,15
MFLKSo4XDfrBf4FByx76zYM2dXSWcigag7ec2bCHTR4,0,30
SaV6UWBaE8M3kwMBfAhQ6Tmvd2qdJRm94NTwLqtoyGd,0,15
sbidYi7fbif6qNsMpwBKvyF5DKcLCbjaegpADsKqNux,0,45
DKSy9mQn63487j7oXHxqmykLEYUA3akTHm1QNPgDLGN8,0,45
BeRtYZnaaZLFwYQRPaZcxuuHBmyFBSGP32C8Ls5xnrZP,0,30
CtzN7ysR5rX69qd168Aosbuc83mPozhi81bEHbG7ecNP,0,15
GvfaiJUhNCRZGVGumsEF1eHDb8JpAeFAyHSrTifyhrbt,0,15
9D3o3EYeknhTrRvXS1PnD2euGXnMFa3HwpYBq5gPZJDA,0,15
novaeuhY2JH2WHhc9KVTHDx2cyJZdXJC6faf4CtARZn,0,31
ExCHWgfeJyKRzpfryiQn4W6aYaWhbSAEnsoUnBGNqjWD,0,15
scb1Z7du8NVSaHFXsafSjRdXr6xBjWR3iugikL739Y1,0,14
gVALrRd3xq4D62KJNGDCpMMGz976w2x1Vo79mSNn4bh,0,30
radM7PKUpZwJ9bYPAJ7V8FXHeUmH1zim6iaXUKkftP9,0,15
CTwsruptUccEtZGNxBDbuusHYxkBX3P6ndrxVjSG213y,0,15
bookoVmqw4QjVj5BbkFacouadx9M7816wyRkfM7A5Lo,0,105
b1ueZK9bWTywN2587zsScyLTaH18wfRfN5W15XnkiqF,0,15
odcvDWH5wHVKz9XtmGGxTj5ZsmawTjCCty3nyBKDGzS,0,15
GYx8kpp7SsRwtQEEsGQjAxb4hFMMmT91kFJuDeky3YGQ,0,15
RLMS1pv3YKi7CSUCKTNcFN5fFkXJc2SmCwPhbQpqZJo,0,15
4kL5QD8ir5CvkuvCUnQhBDuWhq3Xfnz3UfQLt4CqPQZQ,0,16
Hu7pi2Xg5Kav8vSAUUr5CCZaEmMCzT6FgCTpueu3oBtW,0,15
8AkVj5aAtJ27tYXeq89cnSf68V43NarFHMx2iSDjZv7c,0,15
NATsUSZGohWw8xtLdxG4yus21UCkaes4FLfM2eqKbRk,0,15
sZAqxCSN5kkVfG2s65Bje4jzCkD2aLyk21qU95PMf2Y,0,15
idCE5k2BtTpwXdwAC7Var1enT9reut9fWECcxQP7LY7,0,15
prt1st4RSxAt32ams4zsXCe1kavzmKeoR7eh1sdYRXW,0,15
scs1NCSTafrUX6RBx113B9YDCepo1QdEzU8WwEkf25i,0,45
2nhGaJvR17TeytzJVajPfABHQcAwinKoCG8F69gRdQot,0,15
mALL2W6DUgDDtcyurC9v5YTF2CMMeuRwPBkf6tEoG3y,0,15
sfvTq7ojrEc5WdXcHijz676eX1pc5MgoLxbkYSdRDAB,0,12
phz15zDzU3MiCCNJtFipjpLt98sqzbc2Tgcn76JKFHK,0,16
Fc6NNdS2j3EmrWbU6Uqt6wsKB5ef72NjaWfNxKYbULGD,0,15
ABREU5YkQcfpDZymoQ97iGUgQcfgjctWUUxEMfumiPdV,0,15
BP8TxUroBDw97JWmc9bfg9bs8PoE6MA71SSihhBNUJR4,0,8
97jbhVBYcSmwGXjrx5PPWXucDsVBqwyoQ6rzP3B6eeMt,0,15
wetkjRRRDrSPAzHqfVHtFDbhNnejKm5UPfkHeccFCpo,0,15
PRGNnb8DxVcP2WjSHfVRGgc8SkA5u6dbMwoTVV1BGKN,0,15
9GHvMeJ4ZWuAX6sDGscFL1TBMszx2EehnrcTVUy4MZJQ,0,15
scb2TYPmwHgKxXJaJNq6gHKwYkVyLKx58hz9RbCKZZR,0,15
meshRrDTME9cL2FSQ9E56EncfkZ7vL8apwcCFsw3o6Y,0,15
HWMLtrNbiTQH5iE9BQbG8QksRyPHP7zmgRR8gyY55UQy,0,3
EbiVZXqkj7RmWn98i3oPWcMpB2Z7VjmKV3djzc8q1tma,0,4
7zujqoQsFic14ncDYhBSVGvDnqc94rE49c1ZJCHvAtiW,0,7
stacheBmGG5zMKuetUevAbc4m4dLbve1VPcpSur3voH,0,14
noMiSMNpN3iGeX3WdF5M2KQdFUQt2RYYpfJ4dN1Ni3k,0,13
6JbQNigcDnUmoLBpeQVBWw1PoWuwCuSCzp4TBjbBC1jP,0,4
AxiomRXZAq1Jgjj9pHmNqVP7Lhu67wLXZJZbaK87TTSk,0,5
F9VBRW8Rx9wcEaSbHJC9LrttqC4fkbPr728HvFPf1dFZ,0,12
GHeoPQitvVKSVisuRpfAdW3vmB6Bi3cVE86CWbDqT2Z5,0,5
5fSQdv4zsAJNx6RKpGho6sL6rY6a8nziaqcmwaRJB9NE,0,7
BuonuQoAR74GoMwCFhxKWVWWSGGt2wfbNmQ3cizaJ97G,0,8
Stakex4B2tpDHPWGvV1dninfiaYCGdakgTknpzPitLh,0,7
ASTyfSima4LLAdDgoFGkgqoKowG1LZFDr9fAQrg7iaJZ,0,5
5XWtV48xW63kV6YNZ4NpSKDYDor82TmYQSMBxJvqP7sb,0,1
CarrotLYPhQzYL4fEsTUvEzw5QDaMGSZUENHSkh7qzQa,0,3
7iCDKGmjkM95P89kzRcYiawsefMnv93ntX8Euhz3unra,0,2
4qL9M4GqavrNF38Pxz3xT6wVidRWAkTd5sx81Dm3LkaM,0,3
2JkFW37X7qq9KDzFrF9b4ZNk1DcLBPJ6KQeneXJVitpw,0,4
FhNcsWN3NtEXatUHm1KKKXqnsKkMVmgcrEiiQdeYMipr,0,10
7wxrp9biVjWhHBSNtKkj8pydzPvzyrHcELirJ2xHzNoY,0,1
ping6gwBZx1ccMMFyLgkVSupUmujYrFidEXuNRPq989,0,5
AjAubETeBLhebBxLcErmzbavZfqF9bCxkpRAdyJtoi9G,0,10
2fyUpYAHzcFJ4T3KQXC9sdUPVFjMwTsdLzmuzugvNeEj,0,6
3NK19Y8KQyr3HmJVEmn1gjaXDDDpsVVQtBWmHkwZXkAm,0,1
HKkbkbadW4XyK9mNadu3ezH7ugG9SCQ44Uzy9A1HKQyr,0,2
Bk2qYNMa4hUkbutBcb4JHhMqAbGEFZq4KjicpMCwC2wn,0,3
GDH3M3nYHXsrkoZJrv74GBnSQXJvPwQVeNh4y8kDstak,0,1
7gfdHd7eScorCWvHtaYffyJ82NiHGcWca7po9HUNNjSi,0,1
Ba1o5NWMdCDVVwoRNHLmuxHd2ypcZRWi18em5eavEgoE,0,1