entity_id,toxic_score
HkeGtr3nqfrm76gXiXij8KsyE6b9HK2vGFNJFEvBYESB,30321.005755337043
undefined,9738
BNtHBLo1L2vAG7PBQ6mJvWz7GqVPxBnioXsY2Gjtubrg,125.1978770606798
CVvaeDPR2o7P1eawG5c9TPFLzSXAewwPovPmREaEL4Cm,55.19362036024534
2Rv9npqdWE1mLPsT1r2obn3xtKmA5afkxt8GsWeLnKoc,49.77751995804092
juigBT2qetpYpf1iwgjaiWTjryKkY3uUTVAnRFKkqY6,43.586957302185645
7zujqoQsFic14ncDYhBSVGvDnqc94rE49c1ZJCHvAtiW,40.235947810852515
HpcB5Qg8Y9E73dUkot5e8HkgAJbExsYeUzniY4bCuKac,38.55808802680665
bookoVmqw4QjVj5BbkFacouadx9M7816wyRkfM7A5Lo,36.94680261461362
8tjFeSApQ85ThoQXT28acfF2KUfQr3TvTdirSkzNnYC7,31.617707520508436
BCeczqpTRPigndHVJu1KEzno1Uhb4hjrE7ttmAndrV1p,27.725887222397812
eyeYaqg9e2L6xw7YwsSLm27eWJfhLNAm6ETQm8TXNoK,27.07159331032334
3cZSHGfNdaULpFAvGbWbxpVwzXB4gHdk8NFucPNR5pgA,26.795621824375534
6NDen7aDi65apHo8m1Vea4nuS6LyjQeM6pDNqcW4Q5Pg,26.390573296152585
74Xkp2iLXm315h69sFRiCFjmKnaWkMV8W2LgJwPRSgN5,22.051632735643107
6JbQNigcDnUmoLBpeQVBWw1PoWuwCuSCzp4TBjbBC1jP,21.868838410861972
91oPXTs2oq8VvJpQ5TnvXakFGnnJSpEB6HFWDtSctwMt,21.793478651092823
PoN1E3VyqwqoGQEhC8ExpkRKTuyhxtGLnHHH3DwbgTU,21.793478651092823
43Am3PKFeo9cACpqYL5Sk95rpVdxLw3Mc22PqRqZXEW2,21.793478651092823
5ivRNcK1yThcK3koZR1oikAfuNm6rj1LceMskayoVSzc,21.66440160881768
2gDeeRa3mwPPtw1CMWPkEhRWo9v5izNBBfEXanr8uibX,21.66440160881768
EdFUcP2f6j9iBg5BqsgJn3WDr1JieiKCo41hZ5Zrsk6w,21.112458636922067
hy1oMaD3ViyJ8i6w1xjP79zAWBBaRd1zWdTW8zYXnwu,21.112458636922067
8ebFZA8NPLBZD91CwsG1HWQsa2B5Ludgdyf5Hi3sYhhs,17.892749652283435
CwyVpfmfSiMeCexi3JgUNvaiDfYN14cLDjzT99zcBuD2,16.635532333438686
B94PGWcxE9iEDov8sZobTkqEY96Yb5gfcsYWSWpQxh6S,16.635532333438686
UMi1r5J3SagSu4HC3waB3YFzbXi82rRSScgW2e8NTfr,16.635532333438686
uxqVAFQfox97HazsPtkKiwhypQH6jEGXkQBHDtXshrk,16.635532333438686
6y7V8dL673XFzm9QyC5vvh3itWkp7wztahBd2yDqsyrK,16.506455291163544
HM1KjNaXa4w8K4gCXbieoMh5gUTNeUhg9fvdXMKeBW3L,16.3773782488884
4QNekaDqrLmUENqkVhGCJrgHziPxkX9kridbKwunx9su,16.3773782488884
KAoSp3EudGqUBXv46tQoDwbZxSm3iXa9wM2aF4ySbJJ,16.3773782488884
6yFGGAgYpBxgYPuHW4rv7hJmhKrUiXKyHkpVGaYtKrwE,16.3773782488884
FZ4MT1HYJHd9GK8D5mJ9f3r7irLaDL5NxBNLjGqrLqs9,16.24830120661326
4mzLWNgBX67zVwTykNnq96Z6KQLc8UyV5Q35EfVCDifC,16.24830120661326
8cqck84coxk8TGXYBD95QosKCEA6fKwXLevcEv3oGmu8,16.24830120661326
G1bLKfyNm7zsmmYEL9dyxBvMtxpFcwy2s84bHDj2ZFUY,16.24830120661326
6qwYjs5vCSEKaTMBbHinnW8fvdGj1r8cpzPoAV1EHKsw,16.24830120661326
SoLiDJGk4WkdinyLiRWjkFbgLUhjL3idGJK8H1rUWqH,16.24830120661326
9hQqNe3DQTiwhspatewA8EXhz12e6sq5UJVJ2qNRwnTf,16.24830120661326
dxa6QFqLcByyHykLCAW5tv1VYNVQFV3v6oovM2h8inH,16.2393925059145
sbidYi7fbif6qNsMpwBKvyF5DKcLCbjaegpADsKqNux,15.834343977691551
DKSy9mQn63487j7oXHxqmykLEYUA3akTHm1QNPgDLGN8,15.834343977691551
scs1NCSTafrUX6RBx113B9YDCepo1QdEzU8WwEkf25i,15.834343977691551
3NK19Y8KQyr3HmJVEmn1gjaXDDDpsVVQtBWmHkwZXkAm,13.52314553760811
EbiVZXqkj7RmWn98i3oPWcMpB2Z7VjmKV3djzc8q1tma,12.476649250079015
EvnRmnMrd69kFdbLMxWkTn1icZ7DCceRhvmb2SJXqDo4,11.090354888959125
GREEDkgav1ox1jYyd9Anv6exLqKV2vYnxMw5prGwmNKc,11.090354888959125
LunaowJnt875WWoqDkhHhE93SNYHa6tfFNVn1rqc57c,11.090354888959125
HnwMGBAw5PxaX56eSYc969MorEy2NzEMPLkmBkdnJmeq,11.090354888959125
ADjyeNzWd8yhEjCVyAqT87eqoyGRbimERQsNhFQcXjop,11.090354888959125
DZVySotZvrvJyVAcgjFtUDm93zoCaq9wBruMAUz83CWW,10.961277846683982
A9mvukTd77EbRoBX4ydSCFQHdu5bsRFkNXTTRstA8FAC,10.961277846683982
5ejbTALcBsKQ7Cj1iSuu2mY5jqbYHqh9gF5ERXLiYj1z,10.961277846683982
BSGMRbK97DcgLe4u4kfNQnmTVZGVnwdtKQBJqWRBTZxU,10.961277846683982
8augxYLUge2iWmitQMwbcBL5VQEpsM6aJdRofhwpnzyw,10.961277846683982
Crg1X8FftV44NmwfFvgREjanBQmyyS7NEu6duLU7Cyy6,10.961277846683982
3KiDz3wuZrJfsgKt5KEvRb1WPpbci1PWj78aPVF5ei3F,10.961277846683982
DP9iBgK9c7tJYb83KhxQMFNc1LXYu7nE7EhWpEzQnjmg,10.961277846683982
BR1aTt4ZZUCwWJDkSYf1hqkYJjo7Mb7Ar8iVTkeSwUB8,10.961277846683982
EQhTjikb1L2jvxsCaSW2o2TuRXh4Do6HzBEWCxpeM44W,10.961277846683982
2Le6TjeEescF87qDA8Ftdz6U8Kq6SNVwoLJLhzBCHUr5,10.83220080440884
MutT1jxCXbRWJXpXoJK259gLrNfzDezdxS3BSkQAmv1,10.83220080440884
mrgn28BhocwdAUEenen3Sw2MR9cPKDpLkDvzDdR7DBD,10.83220080440884
7MTjmteQHhthwwTZhUzsc2dP4NBvGNRqj8jzdqNxHFGE,10.83220080440884
kyzzzgRymGpePUsLyr48kQHt53kh5CSfRH1qfvz1xgj,10.83220080440884
2UBhtRuyr9nvWsUnrbWrvJiYWEU8TVBD4PLYQJKiRa9H,10.83220080440884
5ysfTZ42VT1TjnjzQShZSrix7wdVtjXwssocSeYKDs5d,10.83220080440884
VQwCCSfW3o5NDx7n5FBr9SoYiLXVgetstHvaWBvv2YH,10.83220080440884
1KXvrkPXwkGF6NK1zyzVuJqbXfpenPVPP6hoiK9bsK3,10.83220080440884
5LNEDitSMhApT2uFnmtN7FmjCiGuatpnb2uU4f3shrk,10.83220080440884
FSyAsxcE7g8pSSEu5nx7Hkz44rMZiYio5Wz8Lszh3Nbi,10.83220080440884
8GLRbAstsabZuZUx73AoyfGi1FRCWSUhRgMugFyofEz7,10.83220080440884
spur5CDwBvTZszvy1ozGjRc1x2TuDWo3VF4jrq7zgvD,10.83220080440884
8T8AJfUCXwPFwEMmjca8gCRSktPrqbUBVa6ggNyhLhFJ,10.83220080440884
q9XWcZ7T1wP4bW9SB4XgNNwjnFEJ982nE8aVbbNuwot,10.83220080440884
KAW1LjxH73tRBd1XsaqsRsgeERFkg4WpdXUSqR4QjkW,10.83220080440884
Sh1ro1CaaVjNuihgNK6kay7jwcWzSqD2fdix6RNPaSh,10.83220080440884
7Zm1pE4FubFYZDyAQ5Labh3A4cxDcvve1s3WCRgEAZ84,10.83220080440884
D1A4F2yh38JLQExKjDiCi4G2tCMwj93c3sikseSSePKe,10.83220080440884
3YX7PQuESmR2h95FDgjahEQjyCBhmY1Ts2MsrM1Kg9DS,10.83220080440884
8aPHvzVV91jZF948tykkoF6WfgLHppNfG8Z3V4gCrDix,10.83220080440884
DtY5Bzxd75iWQRvKwM2xLUxqwLT1RRoeNwmVvgS2JANA,10.83220080440884
MRGSoA53J7i4WidVHTxawPyKdr26LdVYCywnrUZ6auT,10.83220080440884
EfPYQ4BUMiKa6736qqrtnCBGkUSRDGSr1WvtyUgWHuyp,10.83220080440884
Gd33fENP1XsBimff41s1EWrs2kmqfGQqEJ5CQPQB3Jwy,10.83220080440884
JC7bH7HSZoDhwggBXtRF31cVt71WiizY2J6YDDQfG5er,10.83220080440884
CPcDFHCAKkr5Kp9T5aQWJhXV5J6iFj141NMQ87L6poPL,10.83220080440884
8pyp3vfVPRziYdAYEyqkwytdBbdVbQmHqfQAVDcRV3w,10.83220080440884
3KNGMiXwhy2CAWVNpLoUt25sNngFnX1mZpaiEeVccBA6,10.83220080440884
6JKwz43wDTgk5n8eNCJrtsnNtkDdKd1XUZAvB9WkiEQ4,10.83220080440884
Fudp7uPDYNYQRxoq1Q4JiwJnzyxhVz37bGqRki3PBzS,10.83220080440884
1unarWPGGseFag2WfnoFv8o9P7vTPU8eHex9GinP3eY,10.83220080440884
nSGZ3tv2UhskkPqiB666yDVj7PTi9qKgDqvjHyw5JgM,10.83220080440884
sTepQGoReJq2tBKStL19DT6nnGHcGiAvFjyYaokLyuM,10.83220080440884
7gfdHd7eScorCWvHtaYffyJ82NiHGcWca7po9HUNNjSi,10.750556815368329
icex1C6pnZxznQWiHZZANjGU8nZ8kNquFnjyY7XXrXE,10.694215061434937
32jCuWyy4aJjyv4gd4DSGBHmFU5KUSSfqbmPb9GpMin6,10.694215061434937
MFLKSo4XDfrBf4FByx76zYM2dXSWcigag7ec2bCHTR4,10.556229318461034
BeRtYZnaaZLFwYQRPaZcxuuHBmyFBSGP32C8Ls5xnrZP,10.556229318461034
novaeuhY2JH2WHhc9KVTHDx2cyJZdXJC6faf4CtARZn,10.556229318461034
gVALrRd3xq4D62KJNGDCpMMGz976w2x1Vo79mSNn4bh,10.556229318461034
HWMLtrNbiTQH5iE9BQbG8QksRyPHP7zmgRR8gyY55UQy,10.263676315774656
5XWtV48xW63kV6YNZ4NpSKDYDor82TmYQSMBxJvqP7sb,9.927204079153444
FhNcsWN3NtEXatUHm1KKKXqnsKkMVmgcrEiiQdeYMipr,9.329367078397825
GDH3M3nYHXsrkoZJrv74GBnSQXJvPwQVeNh4y8kDstak,9.064157861798101
HKkbkbadW4XyK9mNadu3ezH7ugG9SCQ44Uzy9A1HKQyr,8.987196820661973
7wxrp9biVjWhHBSNtKkj8pydzPvzyrHcELirJ2xHzNoY,8.540909718033554
ASTyfSima4LLAdDgoFGkgqoKowG1LZFDr9fAQrg7iaJZ,8.030084094267563
4qL9M4GqavrNF38Pxz3xT6wVidRWAkTd5sx81Dm3LkaM,7.742402021815782
Ba1o5NWMdCDVVwoRNHLmuxHd2ypcZRWi18em5eavEgoE,7.454719949364
F9VBRW8Rx9wcEaSbHJC9LrttqC4fkbPr728HvFPf1dFZ,6.456769655572163
CarrotLYPhQzYL4fEsTUvEzw5QDaMGSZUENHSkh7qzQa,6.4457198193855785
2fyUpYAHzcFJ4T3KQXC9sdUPVFjMwTsdLzmuzugvNeEj,6.104793232414985
phz15zDzU3MiCCNJtFipjpLt98sqzbc2Tgcn76JKFHK,6.040254711277414
5ZjxMYBbnKd4VFxLjAChSWMTeQ96147HnxZvQJxUseHV,5.545177444479562
FBbqKvwLfKGZrKrfSbPJz4ymQ7zMarhRyZtu1RBkSe89,5.545177444479562
Aw5wEMXhbygFLR7jHtHpih8QvxVBGAMTqsQ2SjWPk1ex,5.545177444479562
9UM8wQ8F5oMiRcP5YdqD6Lr4krpBWCD8LtgQYoisJd9i,5.545177444479562
FNKgX9dYUhYQFRTM9bkeKoRpsyEtZGNMxbdQLDzfqB8a,5.545177444479562
HbidP4hpQdwhkzrxder3x3VNPt6DQnE25gFG46napD2p,5.545177444479562
6TkKqq15wXjqEjNg9zqTKADwuVATR9dW3rkNnsYme1ea,5.545177444479562
DZKTNGR3r4Akj3G42ReZatKhkmgEXoZjk5Ed2tFwRyqm,5.545177444479562
9gFxqsXbFyrKXUkqpAatonn47uYZ7sEZSnMxhzQoXrUJ,5.545177444479562
GwHH8ciFhR8vejWCqmg8FWZUCNtubPY2esALvy5tBvji,5.545177444479562
Fd7btgySsrjuo25CJCj7oE7VPMyezDhnx7pZkj2v69Nk,5.545177444479562
VicAQ3U2GjjAuF3tPCtEQZdZKnpAAxkr5Q3zjDKmdo7,5.545177444479562
WUNoB9YQXmXXRcJsjY1G8PfVag5aAfnyGmFd6YwJVwp,5.545177444479562
BXAxLMMMUNYfC1z166VjWHR3WjTmqzLxB837o5ghmRtH,5.545177444479562
ETcW7iuVraMKLMJayNCCsr9bLvKrJPDczy1CMVMPmXTc,5.545177444479562
UPSCQNqdbiaqrQou9X9y8mr43ZHzvoNpKC26Mo7GubF,5.545177444479562
ciTyjzN9iyobidMycjyqRRM7vXAHXkFzH3m8vEr6cQj,5.545177444479562
3SkE34PVeGck2ArEffFKjihrQgURsvnoTAhitsNXNzXd,5.545177444479562
RNXnAJV1DeBt6Lytjz4wYzvS3d6bhsfidS5Np4ovwZz,5.545177444479562
9n1eEtJJfj1535NYfx524QcCG5aHbf5DH7ejqBrFLBwG,5.545177444479562
CoG8d9Fp2TFJRkAmrPMiPsGhQWHzdTTVoegEp9svRgmJ,5.545177444479562
peNgUgnzs1jGogUPW8SThXMvzNpzKSNf3om78xVPAYx,5.545177444479562
GmCxjmjKZoaKN1DKunbYq8RCYib94Nm3sHyncFfofaF5,5.545177444479562
58KprHKFNHgH1Cvo4QwxWkDeJNaSQVteCoAAFUWjtESn,5.545177444479562
MARiKM3t7pDCyXtvLq24ErWDAvYu84yXqCthkR1GS33,5.545177444479562
7QQGNm3ptwinipDCyaCF7jY5katgmFUu1ieP2f7nwLpE,5.545177444479562
3RXKQBRv7xKTQeNdLSPhCiD4QcUfxEQ12rtgUkMf5LnS,5.545177444479562
2kVZVTY8FMRZ3WuHzyqNz8qd4Ytbba9f9DaesUm5WLvR,5.545177444479562
HLXxkmjb47spcmbbKi3UCfZ2qmFY29t8MN562AEmh2Qh,5.545177444479562
DupN8puwoPdFo9EYm8AXemEn9cMsore1QmZzfPaxyUG4,5.545177444479562
BuoZ7q6faiJNTN24r7Kcj8dp96axs5XPEKXmWGsh2pDE,5.545177444479562
3psxMyr7rQzywVp1MXKd1XFmFz33NjydzCoJx9t2sMQW,5.545177444479562
NordEHiwa6wT5TCjdeWJzpsA7DSmWQPqfSS7m2b6cv3,5.545177444479562
fotby1ABxpei2EVH9uXJ6KbHYgPjbg4Sny9eRzQjtRN,5.545177444479562
6gL3uHvuUjaPp9mTBf2VZ4tpKiYhbWyPrAPboGByzEHd,5.545177444479562
Diman2GphWLwECE3swjrAEAJniezpYLxK1edUydiDZau,5.545177444479562
FugJZepeGfh1Ruunhep19JC4F3Hr2FL3oKUMezoK8ajp,5.545177444479562
BoNKmNCGvoHS4CkKvYRnF21iEpUP827pZjhFGdA4t5as,5.545177444479562
BSMe78Jk1BfeJDdHQj1aXVjrT2aMAYidyNAGQsTshrk,5.545177444479562
U82KEYMnuCiZSQbvuCJTZ652HX9NQ63uNSnxyucshrk,5.545177444479562
13DmVBcyrSdsSsLWaKH9x1dwxDf48Wu5wprwxMmLshrk,5.545177444479562
SENDa18d6LsC1f85AJXXMncBxQyFQKSJWZ1jaop5K87,5.545177444479562
GFXVa19rX6iwfs3sLS5UvX9Exu2usRsG4V5MRMDRo23V,5.545177444479562
SLAY6uN1zZpXBTfbuDDCesNmM5D288xrz8uYvfS3n41,5.545177444479562
12i8gndWWWMTRzJBFhnYkobNgZB3XMUUJq75HeUrshrk,5.545177444479562
LodeuWMHPiPj2PUHUyca2bkpFv9HyzR3gaDBmGJ9TSS,5.545177444479562
DCdTPyDbXNHrmdv4ZyPPzEfY4mPAqH4hDPtowAteoNgv,5.545177444479562
6tpuCGuvAZyUwQPFLKmiUfGUKSBjk3yVHJ314cfJV4ZF,5.545177444479562
CjmXSapt1ouz3CZzgkRJckBEwMSo5fVdVrizLeRscwYD,5.545177444479562
3BeharBd3j4sKQp7Qze27JLQLd9AEEwGTX9TC7dXYSNw,5.545177444479562
7qGNnXKW1e3DsqEaSxwxMdBTFsrK73XtWTmkGitRyMQc,5.545177444479562
9PRr9k87HjjdLMRkxtxygidjxVta9VQ1kAsqgLBWXKdQ,5.545177444479562
EATpCzQNs8BzZh1mx1hXMAJm3o1MLXakTXr4UEmcsY7f,5.545177444479562
HT41udB8mLZZf7tev9tUoHYJ41TP8GWZ6zFMbjiviXk5,5.545177444479562
3Rv6ZVGUuRczP76322LyhTTYw2iM4avV4B5xFJocQJer,5.545177444479562
4GEEKSwuiBHWTff9WaqrDcToZjbX6KYdyB4c578Zxse2,5.545177444479562
7HMHSdQkjDwz9Q5zAhEy83uzW3XHJchjdpMYapKXcKt5,5.545177444479562
LA1NEzryoih6CQW3gwQqJQffK2mKgnXcjSQZSRpM3wc,5.545177444479562
E4xNK4UwGnMtkdiUPyx13i6NkFDdW9Gw9NFGY93wEdGZ,5.545177444479562
5AsoSeQtLoN8eLsf3wKrR3LwxHME4sTBGR6dpTCP1k3H,5.545177444479562
Lua1fxRRHCnjVAYdfGyv2GbUsRHGM2DN2wgpWuF2WSb,5.545177444479562
G4GT8z4AKWNoy3x6nuzxW83UfFXLXzrwn7DZQt4GvWdU,5.545177444479562
AEAJtnjjB19XFreJH21UP8rfd12f9kxMmngwZG3tGXbP,5.545177444479562
GiYSnFRrXrmkJMC54A1j3K4xT6ZMfx1NSThEe5X2WpDe,5.545177444479562
HLnodbYkL5PFA8hjAZDkm5pGzV7eLTvcs671AW2L6St9,5.545177444479562
CiR8HNCfkjtcongPmP2DRdZPnFgjSbN5gsXdjmsXXHcB,5.545177444479562
AoUwfPuiEek2thVRDhMP7HbQb9rguyab4rDiz2NAfwwA,5.545177444479562
EWARp8Syq8cTWGWHtP5LT9fKAn5GvXfSCH8LfAwpgQ6m,5.545177444479562
DiFeTctQSaNczJNmZ5121kYqLaBe9wDpM9sjCzTELJLE,5.545177444479562
PuRposE4utktenW49N8DCtVzdVEwYrmsrroboEUram4,5.545177444479562
DRpbCBMxVnDK7maPM5tGv6MvB3v1sRMC86PZ8okm21hy,5.545177444479562
3YVoK8UN62dyiPZnGBzBTkGdwsVmmK1MpRoLcxNRs9BE,5.545177444479562
9UbU7oaVXX6t7bMthxzzGPnWumFNxoWqUwX3qsrxb4pp,5.545177444479562
SQDS9iwyWvT2mQbSZzuNKGoxuBug5jRHouF6SuMRBkA,5.545177444479562
puffinQSvKFriPbyE5atyx1ptfnyytovbzxybr1jsyy,5.41610040220442
HVXXmNKkmDZbZwj74iL2Y9Wu4SyrchBoxAfFYVAktLrG,5.41610040220442
Certusm1sa411sMpV9FPqU5dXAYhmmhygvxJ23S6hJ24,5.41610040220442
84gC25fbFKYueR9WEfreUysk1n3ZFxLFDDjbyqeqGpoW,5.41610040220442
GK2YYwmQk58xA2k2SeugY3i334SJVViqTT8sT5wim3Dk,5.41610040220442
GLAMiBuunBioazKwNbkGnWP6BM2sfVjehr4goPPGBFAC,5.41610040220442
2t53LvZfskcpXkdwLaBnfZLbNgyVHPu2BNFpcRBaEBhM,5.41610040220442
ALPHA6rdHZkx1om79xp47vX1iZXcbM3qfEwLyttZ1T7R,5.41610040220442
Ex1AxFCipXGfSxgvXPPT3nPQUARddCduHwKR6jHiXAaT,5.41610040220442
H8fHToVcZPi5bupGZohGPX2SWs8NHzgFKQ31wi5n6oux,5.41610040220442
anzaeL7Lsv71HW2mew8YcKGyGqL6qNn3xoNPRrejM73,5.41610040220442
AmjX7CerZbHrU814UeBp2gJC7gANNG3KrP4c3RyD7TSD,5.41610040220442
2pCxbAfUEwuL2k9Fiz3xnronPqRnXsuz9XV76ddq2GEt,5.41610040220442
ZoD1XLMhxdMveAJL4x9oab4FhRKP5NThTnSCH19Tdjp,5.41610040220442
23SUe5fzmLws1M58AnGnvnUBRUKJmzCpnFQwv4M4b9Er,5.41610040220442
65pHd5P2VrehonT1cdJ2JUnq5wi3WUgfL3A8RhYH7Kg7,5.41610040220442
99rG5AhkVagxJ7y8NpMAmy1h1u9GhT3h1Cimu2X3cwaJ,5.41610040220442
AccReGBNBdUCEJ7ZyP231jw7uVJ3eF9u4cLBFAyqQuWm,5.41610040220442
wifwUaAXgGXixi757cinR8RhAzNuuyKg8hh7mkCDPEc,5.41610040220442
8vk6QpG93JSaQCSgnycBsv5qmfQBk4qC9FjNA35E5JhU,5.41610040220442
R2D2imoV8nXk1ngT9v4dEK65We4uLNyUarTBdWbFruq,5.41610040220442
LFGGGJtnBLvq78DyMz1gTeedM6f8owck76qHThDABBC,5.41610040220442
huinBRP3muBuqZLMW8ARjdn4mBnEmFFcxiBzrkQz553,5.41610040220442
GWJyUxzcVwRRtpLuLiu1mpiUQsZ4onYFAYfCjQnuLmz5,5.41610040220442
nymsHergYedT9CJMgtGMvqXUTGcbs5o3MiWTJUbqTGY,5.41610040220442
AYY1TCe347UZ7zueBmF4MyoFkeEZquRUNVBNoUZiRoew,5.41610040220442
SWiz7QwnYPm61pWWUUkMhj4r5pZLP1SvYibdHcB2cov,5.41610040220442
privaEdSEmnMPGPoQACUkcDGkFBbTArVvsEGd7C5wUM,5.41610040220442
5MAGJ3zShtXMMVXjZRoFqtFF7XhP8iLSyZrxdL7KpjcB,5.41610040220442
11AMA4mnNbsrPQeuoNN7uiZVJZtqEzQHrTfa5vnbcjk,5.41610040220442
DRFh448Zz6AaHLJPZTgSw4fwv3eu776Db5RYEY4BqT7X,5.41610040220442
82vucuWCTTQEz6nYe3VetnL3pJYBrfDF2gDAjec9sPUy,5.41610040220442
CZanBzZHFzrGY5qKzaX3CNhJ5smHEMTWFFnoeUi4J6dr,5.41610040220442
EtoMApqP2h1vVm9XLTTp5HERNezm5btkqrdAGQ9fZRnp,5.41610040220442
gangtCrQg5RmKf5yxvhvZThPugPX58pDSdQ5UuS26vN,5.41610040220442
HzrEstnLfzsijhaD6z5frkSE2vWZEH5EUfn3bU9swo1f,5.41610040220442
5HYjArGt81naevDdwMaEx8yeGNw9jYBSDJa8YavT9Mp4,5.41610040220442
4k6wgP5WPBKQpsFGtzuXNrjcTE2fKWLj17nDvFeG5zSF,5.41610040220442
LTP1bMnfq1Z6UctyDXYHo9qcUJ6ReXm9cG2VwQcsHBt,5.41610040220442
aXiomFkk6VzXaBhPuhMqTLZZguCFzzbyP9LTtZ7ZHLQ,5.41610040220442
BGAjnivVWqLqByqCVT9dSyPUFicvyJrz7vRvrvui3SEk,5.41610040220442
9iFPQbP1jGkj67sXg6YLLGRUBVEDMcapdS6jmCZSnz8R,5.41610040220442
bonkcbAQvHpYWxEG63E8ufTB1cxkkk9eAKaPdGePE88,5.41610040220442
23U4mgK9DMCxsv2StC4y2qAptP25Xv5b2cybKCeJ1to3,5.41610040220442
THE1CosYJD9F1eBq53Fg4MZYZa5WrPUf2RQU5ZHnfEj,5.41610040220442
G3a3iYZKNLbivothF3twqcaTCEvoPb9uJ2bFc9DNKkBQ,5.41610040220442
DiveRaPKviyDnQyiiMFdV4rujsCBJzMNvPjKfvGNLGvL,5.41610040220442
4JahMMrVRS1gimWoXpD5H6KwKc2MrsoTDFMaStMttL1E,5.41610040220442
Ey3DkEVbfBxfWmkTsG7Hqj7jshYf5Zx9H8462Zjjkykf,5.41610040220442
BCS95L5JHBWHvWkcEJBEF3BH5QHxKcPeaTgoYmHLvfFh,5.41610040220442
5TGfVQV1S3wHE9hkgGaQkRoPC7xZxiqwMcjQZxVYsf1j,5.41610040220442
FyLVPAKkgdAy8Gn9jnFYN5yjC1ubQWRkw2EHt2UnC8uA,5.41610040220442
DWvDTSh3qfn88UoQTEKRV2JnLt5jtJAVoiCo3ivtMwXP,5.41610040220442
2abwQG3v2xRemFxRszVHSfnjJNe9zu5X8duKgxjyLeaK,5.41610040220442
SSmBEooM7RkmyuXxuKgAhTvhQZ36Z3G2WsmLGJKoQLY,5.41610040220442
1Link6hB1NpkCwJt3ZtpQKZszKauhEcKgiWjaU8PRDG,5.41610040220442
2oHUYyW2PU9VJh4XBs5TbGgzdernunvGqyKth3kxW4ns,5.41610040220442
revtecFsGSRCdF29atQvchSXrjwBesA9vSisD4fyH5K,5.41610040220442
3WDh9HgusCujDmXCVhophLrHvoKHQd1Sd4uFHz1Awo35,5.41610040220442
8n4pc4sCJtBeLfJdGyJn6EcZuhtfTiepRa9ExdJFdmEN,5.41610040220442
7G4RfctwLLgqG4ZWfCirU8dfJd87mKQWgB4EHQRv8i7v,5.41610040220442
CMPSSdrTnRQBiBGTyFpdCc3VMNuLWYWaSkE8Zh5z6gbd,5.41610040220442
6M53yM6dsE6hiaHgxWvYa4fsfzQTGyAZn7rM6JrzbqJV,5.41610040220442
CVgwMrWo9chKEuEPCe6Za9KJe8jamnAcoeWzaMeNubr6,5.41610040220442
bay3wXfJsu9ds1zQBoQQ4DUwFGs3NP6q4gca9WM5G1z,5.41610040220442
8Rf7hLczBzGb71rmEjw3h9tTcxGijDiDHL651H9SfSFa,5.41610040220442
9pBHfuE19q7PRbupJf8CZAMwv6RHjasdyMN9U9du7Nx2,5.41610040220442
nebu15XQKGpxzhhckADBX9PgvGN5qk9RRJCFLKc118w,5.41610040220442
2icWF7TvxyycF7d1NHpMZYuJJqiRy2h7wmjFSbqUij1B,5.41610040220442
grptonHnt7YSmJokGK9TJJTBXDT8ca4LSWMHCCfzzPa,5.41610040220442
HFTcVVrX93SJwYHAiiHAssb3c4zXqSsF4mNjg5arGPEj,5.41610040220442
soLStaCk5TiGCpeLKa9Fvv6f5JQGMa6S3uhLh826e9N,5.41610040220442
ana2y2YvQ3ZPMwm6qhnN3nJoUSiT3qx5Pvetkq9xcfY,5.41610040220442
DDnAqxJVFo2GVTujibHt5cjevHMSE9bo8HJaydHoshdp,5.41610040220442
PKdLMugp1Mf88Ji1GkdqRDBewaUh2cqg79CBEo6eJoQ,5.41610040220442
PAWsME7oYbjt5TRNc11mBa33JhKnQr9AYherdr9YAZ6,5.41610040220442
Tri1F8B6YtjkBztGCwBNSLEZib1EAqMUEUM7dTT7ZG3,5.41610040220442
ANC1u9sY36q3mi2MyVhtz71un8yLgTsFBUuyLcSPzKsk,5.41610040220442
CfgRXmp1LEYr97EaT2RyoL2cSvtWgJh52Bes89RxVSoW,5.41610040220442
FFevTkywysWf8PJvH4DZkEp4v9ks9HJPJhZWbhhJiYnr,5.41610040220442
orbit1bWKxnECKLqjhm5rybTiEC2GEYbecyebgEfM5q,5.41610040220442
JD549HsbJHeEKKUrKgg4Fj2iyv2RGjsV7NTZjZUrHybB,5.41610040220442
8Yq98CFAorqAc3CN7XtMVgKLrBc78wsBvjhAbFr4sNQ5,5.41610040220442
CG4tRANBKrzUmpv93V5sgftjQznBdiJsc2yPCzZWWuS9,5.41610040220442
8nbE53mcKhy74HLiGZ1q5HRocwiCvgh49csSaHSdtukr,5.41610040220442
HzF7Kov41YJvKNkVEepUByEP5NKG45NJTc63JUDxT7tE,5.41610040220442
MicoB9cA9R6jsicdhzWFjwd9HMkV8FA4o3WxYU6Z2yz,5.41610040220442
Atom7LRkdXj6MBoWJPgjaetrCMrgB9nnkQBYXTWE8Z3S,5.41610040220442
HcZvwZ83PfjrQDiq3GLHxisTs17aGURs6bJ2LwtmL4qv,5.41610040220442
GQiWnDYrzHMALWG9avt5FCu1wisAQHjGY5ve7GMBiPEe,5.41610040220442
MBVyz9s72WSfUmbr1S8fgHjDJQkPs1Q4Wxi6A2Mees9,5.41610040220442
ETuPS3kRfLufz5VSYN2ZrePoEVSZSpgVPKz3MUZpYe3x,5.41610040220442
8j7RdaofeR9jaXWqYTubqooHpcajP7EfhWbR4UKUB4fF,5.41610040220442
AWZhUiQjrjtxL8MEMWsCFbMausFQKkdTnDsFW2i411hN,5.41610040220442
NdMV1C3XMCRqSBwBtNmoUNnKctYh95Ug4xb6FSTcAWr,5.41610040220442
BM2vE2QqkB9fGtC34WPtM8drbgta13SBkhRq6dRG9J4J,5.41610040220442
4mtXJ5pUcMMB4t8cLbi7zfDJCHfYLRrQb4qSLmh57sKL,5.41610040220442
8yjHdsCgx3bp2zEwGiWSMgwpFaCSzfYAHT1vk7KJBqhN,5.41610040220442
ABC1U4cf9DZMwqy8ktEr4WJj8VHmVBQibbC57gEJthwY,5.41610040220442
Ed9WjPnZfAXsPttcqxMwj94qsuXVRyBsyXnDkxFva2Zv,5.41610040220442
4SgoyAwN26iu9Gpf12Bk1rnzp4G4yDUM3XVv4w7VQcAf,5.41610040220442
7tqeaFKsg2K9xKnQWe61w71AtCZVMQvG4hbFAiFAngYw,5.41610040220442
AvNsK6uxBBwejyPe7tZqgX4onaCnXTqKQvKRaTe9Ekya,5.41610040220442
9maF99FLLAMh5v5JKG1ZyRZVBVsT5VkZnAJzDvduCpJa,5.41610040220442
H9ENbtmy2tWFtAJNmpC8xQtbcr1NTp4FXLdphRaG8L2T,5.41610040220442
6pEtDovpyd1zUMYPuNhMCPU37sUTEAtzzgoVVAh1G1JL,5.41610040220442
61QB1Evn9E3noQtpJm4auFYyHSXS5FPgqKtPgwJJfEQk,5.41610040220442
3Pfubj3ytkRxFAGwFb5vtacuZJUxko5Du39xie9MBXuC,5.41610040220442
4vdWYn2KbmQ3Dns5wVBfz4CFQDds4b7CpsC8MHBhHAib,5.41610040220442
A23LfQn6khffj2hGhGfXr6P52W2pxrVcCaHVQLYQgiX2,5.41610040220442
mD1afZhSisoXfJLT8nYwSFANqjr1KPoDUEpYTEfFX1e,5.41610040220442
SELEXm1aELCweknS2tsG6A4WivjVvgrTWn9doHNLj66,5.41610040220442
D4r6Rcua2L7nHHhdaiZe2k2bTfPg2WQqcNYpG6bugvCG,5.41610040220442
vahMVcSS3v6uwyFormV7FDAUbQSHwmy6vUedp1P7L42,5.41610040220442
fdzip81euDS8jEZHx5H1mn27zGVMLzkgpQuzYRBfBYG,5.41610040220442
By8MseMKtZQQaQjMHJiyetmc5AC8RZZv8C2ss33ktrHt,5.41610040220442
7knvB4bbqHCKuNp3ef2hJWdwqoH6WAUi55NQt6LdRfkx,5.41610040220442
Mwz8VgAEnPtfqS62r3ixrFiMJwnNfEwR141CGnsTo5k,5.41610040220442
UZBmptMjMSQEPKm4WyUkJeAuvZSqTuNK3cQCKFqJcXT,5.41610040220442
N43JWBg42ZoUFMkHsRUVbP7wGVdxaHKanqaF9BBNiFC,5.41610040220442
EUcJwf7jXskRE6NZBtFPVH2EedNvNYko8LL2WT62XctB,5.41610040220442
BPKAfGkkzF5u1QRjjB1nWYYbPMUCMPJe1xZPmwEMNMCT,5.41610040220442
KoLibrJsbABbtmtFPc7nPvDxT81rc4UPM7mY9xSLjpo,5.41610040220442
AqyRvpjjSN6jWYPxijoJwhmKwJFk6fRYDh9fQZHcJ2o7,5.41610040220442
ByszyWdqC3rVMWy8f6jwK5cmwkpwYdwsr7UL58xS5vnm,5.41610040220442
ALp2GdA1eJV8vZHMHazCtTxNXe3BLUSco9LDASgjDs8R,5.41610040220442
BCJN2vZFAHDYmufBDcbD5UAQHSyerXfc6UQkgX3mSWuh,5.41610040220442
vaoJKVZYPAsqc52T2nNQhABR1gU6Cy2koDKfCQaEiva,5.41610040220442
9T6SNsBimjCRJpkEjiVsc8AcxTBa1XVA7RjnBGGfWP23,5.41610040220442
HW4zorvt6xDwhU36RqjcWNwU8YMj9tiqnAafBKW4cqV,5.41610040220442
6xUK9Nbonr4eoJNtHGoUEMmYKoPz5mipKzyDBv6deX4d,5.41610040220442
ES1M3tMZ4rMTJ3apE75cHfeGWizDTrMMXy2zKtWkd38R,5.41610040220442
2X7WoaXX9KPqNrNfvguhnwo3rjFPNsfw2t75fGjWRthz,5.41610040220442
CLsFr1KZVbAyz16iFpwg2e4hiekR1unpwyxfNdjBMaoE,5.41610040220442
EydLxzdWfD434DDxZYXkTcajvK5VKH7p6CofEDCRUkJ4,5.41610040220442
2zykwzzo1pd3H2oSj5j5SRLTvmpa9Nr2S2Bh8tTVd5Tq,5.41610040220442
3rqEEEGjHRyndHuduBcjkf17rX3hgmGACpYTQYeZ5Ltk,5.41610040220442
BiU1DNow77wGwSXW1bLmkcQe2cuySpkbz7xtbitD9Fmk,5.41610040220442
Hj2jzpAp57KyM3SmnYwJbDVrQ8tTWizMon2hhzYzwxet,5.41610040220442
5tfcGyf3NQFcufDigvbRt9kWoVN2KPEkBRUY3UaC3Zwm,5.41610040220442
7TYbdqaFpHbLUWBe6fTc19XPweUMN6fB3GBW3TzZWu1i,5.41610040220442
As9NxA9bCfhrVLAFyGeWG5X5iLYPGhU3R7nLfX3tN6am,5.41610040220442
EUDis6LJeJzDHTEBgfHGQyjHp63XZkGkx4E69xunC2Ej,5.41610040220442
Cogent51kHgGLHr7zpkpRjGYFXM57LgjHjDdqXd4ypdA,5.41610040220442
rssaJ2iKcE9QWsFYRZr8Q66TQh5bRk9DxYrzxGMzWQr,5.41610040220442
HH5dA42XF1HxNk1TRpG6LuKfLViMYNdAz5iWrFM4hWFi,5.41610040220442
sce1oTWYVXv7a7Hy2skxREozs5nwkQ4wDT8XJSi5tgE,5.41610040220442
HMWXfjaeSHhww1wvdBhqhHVP9v96mFB4LJ9xP2MXbDGH,5.41610040220442
ChaossRPGKnsVhX1GfPC78yq5Sqju4cMThcAsKZNz5d6,5.41610040220442
3x9nibnhgBHWKMRiGnsXJELRBjviQpKyigfrXtKW27KJ,5.41610040220442
9dH6wfdJVgnDcbCUjT8rkmejAzTnGQaFarmLfvBYXANK,5.41610040220442
8uPW9msN75rfaKiwy8y8NxEX5zSk2WejtVv5YhZr3jCo,5.41610040220442
rapXHroUoGG3KvZ3qwjvGMdA7siWXwXpiNC1bYarvSC,5.41610040220442
ELE1xBTfmHB7vuhSH94q23r6j3tuvTXYTqgm1u4uzMLk,5.41610040220442
chdvWr6T14nqGRFD37KY36dsvhkCtDaufW5rpu3AfHe,5.41610040220442
REA1zKzM5WjDEcpB27Zx2Rk16foNPtLGTETy93LLgNw,5.41610040220442
burncPhAzPbo9QCzN9j8ig2FKZjwDhM5zgN2eW3GmWa,5.41610040220442
LiFiDJwJjW98MB8wxcnXpafKYsuz1hwpUkuszkERiX6,5.41610040220442
pitch9cMruwjDtAnisNS4mwZUPhMsBztNEGu2weMg55,5.41610040220442
sTEVErNNwF2qPnV6DuNPkWpEyCt4UU6k2Y3Hyn7WUFu,5.41610040220442
1i1yPyh843bTfi5qPgqozTbDcEX65rUNEFcUT2KAs2i,5.41610040220442
D3htsc6iRQJLqCNWcC2xcZgUuvcd1JT8zoYNqraNcTQz,5.41610040220442
6YDWxPaJWpZxJ6JLGaBeTJaGQn3gi3Pwtivii9cDyDHo,5.41610040220442
DCKyEmMENQMtLXgbmUoHRmgP9XdJ9HsR5WxrKnSDCzKA,5.41610040220442
49j9bnkdgVNxLwsZ9h88sPR5MYEmsUyKrrJ6ZW8ijBrb,5.41610040220442
9ppJrpsbbuGNjiMhhD52Ueco4KXUzVfrtNQ6tAcDab4f,5.41610040220442
2Ue9zGmDnvYRrJNEjuAdNkbbickw6fKWtbeNM7T2rakg,5.41610040220442
9jJ3YRBL611e7xjXFMBExuninmTWjDnv3FXNotHmPnK2,5.41610040220442
Frog1Fks1AVN8ywFH3HTFeYojq6LQqoEPzgQFx2Kz5Ch,5.41610040220442
TxtxXzLTDQ9W4ya3xgwyaqVa6Tky6Yqhi5BLpPCc9tZ,5.41610040220442
5pZvwjSpGYCxpJeySwSbSAji7kZe4YntL7rQvXM3YcNT,5.41610040220442
fhsM2sxME8cHrrk3qvtMsRRDv5AoLFja7NjNnHeYZxe,5.41610040220442
FCWkGAHDWK41ANjiaoPudkCZRkvTecaEkoZQugezUnpr,5.41610040220442
5zm9g3zgAPWzX3wmUB2JtTkcwCqe74NWsTmt5wLFwCKK,5.41610040220442
TopjgY7N1fJdnW89S9fX6t7LF61nspgXGL1NpgAKhDG,5.41610040220442
BJvrWSfonXnS2Km8iA9KLY6D6vS3GcsaUwUNPFBumTca,5.41610040220442
FoigPJ6kL6Gth5Er6t9d1Nkh96Skadqw63Ciyjxc1f8H,5.41610040220442
parayLyZvwnGjDT2pGqrVn8UDxmNcdNQCE8uPRWMeRz,5.41610040220442
CkCMabrc3HgBgDkeKPXkbWuQpUuSqW7zs1Mg3HFArx61,5.41610040220442
7PpXQgDb9eCHN1Uudgi77Wm89cRz4T85YgDw83qvaJXd,5.41610040220442
FSVdqBzx5D4UsqBLnvmH5dFx2dCm1pTPAbQWJ1PYzTJ2,5.41610040220442
AWcCdYG7Dy6GX45c6QMPbgGwgRZPKcBDT4bXGb3QrVRV,5.41610040220442
6gnbmed7kzwQVQ7ghsjgEuCoYmGeWciV2qCwni6WS6HU,5.41610040220442
6yVX5rkTR3NfgCuu37vkmLCeG2RLqKaJHLj4G6b4Dvzu,5.41610040220442
ECZx4Dfyn2o55KTYbM9r3Dt4VZRcrdfdrst7sUbWgrdU,5.41610040220442
SyndicAgdEphcy5xhAKZAomTYhcF8xhC7za2UD9xeug,5.41610040220442
CpgSfd6QUoBw1267rTtJoZhELqC5q7isKLojBifSbNEE,5.41610040220442
F3tdN8SoakjEPb743VY18YyKJWYHo6rojV3nkas5YJh8,5.41610040220442
3s97yjq2MhoPVPC3U9VeE3Z5S643Pweovg88ysvrQPw5,5.41610040220442
5ghoFEVrsXeAPB6SUmBpZ2xq3KvHEjNMeSaBnxEBXkHV,5.41610040220442
5ikB9XZNVsjwKb6hHT3FS3So1Z1SrDvU5yaniWEQyDEG,5.41610040220442
AiDoLWFKzNxSXKeZ4zym2TEPkg6F4kQ3YBA8WhANVPEq,5.41610040220442
dst2u7mXMyDvb14cSErRNA1mxH1d5VXbSXgZ3DKE9xH,5.41610040220442
H9METtoxNp2PhcDNxXwqpzBarJw9zJezhzdDEFgBqv8w,5.41610040220442
CBUGET5PnvLc3HvEeFYj64iTvdKhYV6pujTPDdDh785K,5.41610040220442
7CR6whiYULVf1Knj4J5PxUS37opdk8UAx2WnDzBQKiVe,5.41610040220442
7Nu9ckgtjobZ3MkbadGFKEvRymYuah9HmcxiUJKMM9NB,5.41610040220442
Fb77sbwgXmtjmkjkaoSckGp5yg3nqdtD8zf1dyxxiCSf,5.41610040220442
STaKesuXJH6UGRizuEVSWG1tyLu5ycKgWj3i1HUdvs5,5.41610040220442
8ZQg3K1V1Z2BVJkjmnxpi43WKhjPGXphzu5QmBkJibSP,5.41610040220442
4aRPyjsqqFsf5488a9QAaHJLQJMGwoL5P6wRtLmroe2d,5.41610040220442
BfgMdL4FaNHp5zZpD7WMYG5sZUrCWQPEjXDwWS7M5q3F,5.41610040220442
ACTGYsH7bHbaSP7z9N86oLPHBThAELbGfTboc1VoFeZz,5.41610040220442
DB7DNWMVQASMFxcjkwdr4w4eg3NmfjWTk2rqFMMbrPLA,5.41610040220442
9AW87WqARQonyJYhx1G25fKfvjURFYVmHs79z1NUXDPD,5.41610040220442
4XspXDcJy3DWZsVdaXrt8pE1xhcLpXDKkhj9XyjmWWNy,5.41610040220442
FdH9QEQBxPQfaF2JpcjgdfcMnDb7rjZkCDRCWLRjTQwj,5.41610040220442
hnhCMmnrmod4rcyc3QRKkLEC9XnPTvYJ2gBvjgFiV4o,5.41610040220442
UNrgBLmc8JT6A3dxXY9DWeHvDezt2DZQbhg1KPQfqEL,5.41610040220442
7nzTzRZzezmugqE5ZjHRMxarhXunpwZ2PUdjV7uYzt7A,5.41610040220442
BCjGyexo1i7qpN9CbJ9Zt8avWr4Lb2JRtcm43sJvsgQK,5.41610040220442
2XmhZKHmfjku3T3nC9xKhgr5bm1CAmWXqNsNt49mo82C,5.41610040220442
AjGby82yXeYgj3kmng9y3c4nQpZFmiPpJKecLJTHbfbP,5.41610040220442
EBk678aQvc3cUkfGyoehfw21JQfJXjmWuBeopYc89RSV,5.41610040220442
ECNnK4VjcKTsABiw8FAp3JCE6tCmYyrEJthYVyMazmxi,5.41610040220442
DEU4agzdUCA5oZ1QSLxCyZb1smvdu5j1NXXsK2r823Uu,5.41610040220442
7ZjHeeYEesmBs4N6aDvCQimKdtJX2bs5boXpJmpG2bZJ,5.41610040220442
popscoyTKVksa4TyTXw488b3vvFxM7qQEyTBeMQopKu,5.41610040220442
yJeahQNRHNWtL9Z1SqPX3SBwTYXr5ECMYYVK4uYVwxt,5.41610040220442
PAD9aPiKJGcbGxuVLbc8o4Vf65GPq3fJQ7PkHWuX6a8,5.41610040220442
2uxEHizFmmnLekKG2LZJwxNabhpymEYfdVCpgDxjt87m,5.41610040220442
AS4i8EXUZnPbmNT5ZXmoTEbrXQrbFoReiWwwFB43Ds5z,5.41610040220442
hyp3Eo67t6FgeuWg5Qxbeme8NPXJPXXdKT4iJ4DsLf2,5.41610040220442
9q16BB7WGmBxf1nJTdxH5zPnBUhtHqdqXqRFjSjuM4k7,5.41610040220442
mint13XHZSSxtgHuTSM9qPDEJSbWktpmpM4CZxeLB8f,5.41610040220442
9USijQaAfSzw6gWbHNq68VVigmj3HvffDJYhbK4tfquB,5.41610040220442
5marvipGzf98hxnoJFXsZbGHSXcEQ3yRGJ4ps7D3V4ou,5.41610040220442
5VrW7YNBccVnhnZVmooCePdLFcs2UjfxRT3hoY9mN8Ec,5.41610040220442
SFundNVpuWk89g211WKUZGkuu4BsKSp7PbnmRsPZLos,5.41610040220442
78sEMVmeecStjxWU7XMJMH8bMRBW9vSiEAhAjtZbt3fW,5.41610040220442
D2RV1q6FgePVVjrMa7AMzVbvvAeg5oS7TAV7qdNKSDsX,5.41610040220442
chopskqnudaeCTENWzUjfFCBSLcxprqbdMoCAucAwfb,5.41610040220442
7U68WfpxJF5W1HjVQ2NCQr5EuKhNSvSRAnmWTk6225Jf,5.41610040220442
2bpfa8JbFfZUGUsedDsemu6vQUxbhcEM8ALSH3PgXd2d,5.41610040220442
AiBEt9kE8yZ4CnaLfTCGMp7Fg2wCtqhPTfvJ8D3zrLfu,5.41610040220442
5P35CJVKU15Rrh5M6EVkre23EyA3K34kAut2GXhHKM7W,5.41610040220442
sTEAKPk59EtPPbixCweyv6oRLNCDEE8pnnef6gUfbiW,5.41610040220442
4YGgmwyqztpJeAi3pzHQ4Gf9cWrMHCjZaWeWoCK6zz6X,5.41610040220442
SPHERExTW7GaMgS4RN6MbghYvXU2REfFWHgpxMH1P69,5.41610040220442
6Rk694kh1QTyQkirdb1uDZmS5xqG9bNaYtxx8d311Mr7,5.41610040220442
7EzbSahSfSjeRexHcNDLDpzHBAGBLjLKtjbmuoQnEtjE,5.41610040220442
SANDCxXBbQhvbUqNtiLqKdFEY1uQhVo1UgUACaS4mXU,5.41610040220442
Lake8NXDThihebhxS3Js7mFnj9fthmus93zEdsFNrsL,5.41610040220442
96XWbKem84optM8RLHhc8EYJQG8CCWA8F6oqWMPHDweN,5.41610040220442
h3ZXAE168mNxsszYYrUfkMVSCWx6DU2Uvrx97Kb1Nch,5.41610040220442
2Wf9V9rPeVRUTfmWdPedCJuWVr6MFfyLuigEq42DuMDc,5.41610040220442
dzBhD4wikyy7xqwiJvT49gdrKqWVjfs9M6cTssmRX8Y,5.41610040220442
HrpWeJSYnQVtZe3BKxFCBrAEr8GRCmYUbQev4hoGDBs6,5.41610040220442
AmhQFcGvH2hjkucP78rn6GMKSbstYwyFpCDVKZUwBGrG,5.41610040220442
2E2JPuFhjkQvEJEeNGqVSwGLJa5GoFqabQTutGjg1bzw,5.41610040220442
mds1WWedpezW3qvgML4WgP341jZksYAy5SbMLwjP5KC,5.41610040220442
bkpk9KVsDRfrArzzmkJ9mPEvbXfQxczzQYR3QMGiR8Z,5.41610040220442
hykfH9jUQqe2yqv3VqVAK5AmMYqrmMWmdwDcbfsm6My,5.41610040220442
CwhdMezLucz7bcuWzStpLXgrzKGC2tBBiaVmJZjfprRN,5.41610040220442
Ninja1spj6n9t5hVYgF3PdnYz2PLnkt7rvaw3firmjs,5.41610040220442
SLNDCSGTEsA6KHpgR32MBt9UAurZnVSJGUtW2tRpdU2,5.41610040220442
CpNnGGhgVATJAbzHUXdrcGfpPiGuZyPka4QUmH7YgavX,5.41610040220442
p1ayS5DGgrM7m1VU4zcppoTWPbcFGhrBYTh7Wm6ApAC,5.41610040220442
4kL5QD8ir5CvkuvCUnQhBDuWhq3Xfnz3UfQLt4CqPQZQ,5.41610040220442
STPTshazcjH6cZMHzQBrggFSPHXYCTRGB7ctqS1AjkH,5.278114659230517
E99w1XfS4UNM1xUKXWEuDmj8Mduy7u65jm2NCULTspSV,5.278114659230517
BeaCHioStqCEFDFxKwAEzyrUPYxqnBPhJ98gDKeEiTPb,5.278114659230517
73hojLdq1vZDSxeVQEqVFJ4iwLngdvEJPEpEHkSdv6BZ,5.278114659230517
5d9Mdc2Zk8as8GL1AxQeXxv5htBBvC5bjfmsXC7UUWwG,5.278114659230517
EdGevanA2MZsDpxDXK6b36FH7RCcTuDZZRcc6MEyE9hy,5.278114659230517
RFLCTDRBVZTEbXrCd92jnKghYeDJARb6ByK2JnPfQmH,5.278114659230517
parafiUS6h6oLhCFwhjvEmQJKw8pF1iXsxMJdTq46dS,5.278114659230517
DeepM3FDWaAb7o53rvyZk5YvHLG3FvDiVXJLRY78z51p,5.278114659230517
EAW9vxqogvdPNapq7QTDpiVTHK6o7begUhPVnf854VTc,5.278114659230517
Spiky3mMSLHGhffuEhYR7ptMNZ8NddddwrTjki4VhWk,5.278114659230517
9U4WqNGVywKt3gG9HSt9tGVXBDXJvgid6BVweRysaJmg,5.278114659230517
Ha1iade1AH3B12K9SccfWoPdFtQKKQsj2ZyWwxcjqJJU,5.278114659230517
HyperSPG8w4jgdHgmA8ExrhRL1L1BriRTHD9UFdXJUud,5.278114659230517
AnKWYWA1zktynzWqPC5KQFYWrTEWNny2CAHbAVU9zSXT,5.278114659230517
A4hyMd3FyvUJSRafDUSwtLLaQcxRP4r1BRC9w2AJ1to2,5.278114659230517
vnd1Ps8w3fsi54qUMJxBhUWARES34Qw7JQXDZxvbysd,5.278114659230517
mds2fZEpJP688PqJHvfLxGyf2VFrcNkvjuUxNYCwjrq,5.278114659230517
EZHZcXFpiiooHDJymKPro6gSVBqz6JfRwDAnSHUwkXRV,5.278114659230517
axy3tCRL3wmFMVG4c69rYurcf4fXhBo2RcuBj9ADnJ4,5.278114659230517
CtvdyHYt8cMuGVHFarV2RADfoCdnrbd8e9jAsB225uMW,5.278114659230517
SaV6UWBaE8M3kwMBfAhQ6Tmvd2qdJRm94NTwLqtoyGd,5.278114659230517
CtzN7ysR5rX69qd168Aosbuc83mPozhi81bEHbG7ecNP,5.278114659230517
GvfaiJUhNCRZGVGumsEF1eHDb8JpAeFAyHSrTifyhrbt,5.278114659230517
9D3o3EYeknhTrRvXS1PnD2euGXnMFa3HwpYBq5gPZJDA,5.278114659230517
ExCHWgfeJyKRzpfryiQn4W6aYaWhbSAEnsoUnBGNqjWD,5.278114659230517
scb1Z7du8NVSaHFXsafSjRdXr6xBjWR3iugikL739Y1,5.278114659230517
radM7PKUpZwJ9bYPAJ7V8FXHeUmH1zim6iaXUKkftP9,5.278114659230517
CTwsruptUccEtZGNxBDbuusHYxkBX3P6ndrxVjSG213y,5.278114659230517
b1ueZK9bWTywN2587zsScyLTaH18wfRfN5W15XnkiqF,5.278114659230517
odcvDWH5wHVKz9XtmGGxTj5ZsmawTjCCty3nyBKDGzS,5.278114659230517
GYx8kpp7SsRwtQEEsGQjAxb4hFMMmT91kFJuDeky3YGQ,5.278114659230517
RLMS1pv3YKi7CSUCKTNcFN5fFkXJc2SmCwPhbQpqZJo,5.278114659230517
Hu7pi2Xg5Kav8vSAUUr5CCZaEmMCzT6FgCTpueu3oBtW,5.278114659230517
8AkVj5aAtJ27tYXeq89cnSf68V43NarFHMx2iSDjZv7c,5.278114659230517
NATsUSZGohWw8xtLdxG4yus21UCkaes4FLfM2eqKbRk,5.278114659230517
sZAqxCSN5kkVfG2s65Bje4jzCkD2aLyk21qU95PMf2Y,5.278114659230517
idCE5k2BtTpwXdwAC7Var1enT9reut9fWECcxQP7LY7,5.278114659230517
prt1st4RSxAt32ams4zsXCe1kavzmKeoR7eh1sdYRXW,5.278114659230517
2nhGaJvR17TeytzJVajPfABHQcAwinKoCG8F69gRdQot,5.278114659230517
mALL2W6DUgDDtcyurC9v5YTF2CMMeuRwPBkf6tEoG3y,5.278114659230517
Fc6NNdS2j3EmrWbU6Uqt6wsKB5ef72NjaWfNxKYbULGD,5.278114659230517
ABREU5YkQcfpDZymoQ97iGUgQcfgjctWUUxEMfumiPdV,5.278114659230517
97jbhVBYcSmwGXjrx5PPWXucDsVBqwyoQ6rzP3B6eeMt,5.278114659230517
wetkjRRRDrSPAzHqfVHtFDbhNnejKm5UPfkHeccFCpo,5.278114659230517
PRGNnb8DxVcP2WjSHfVRGgc8SkA5u6dbMwoTVV1BGKN,5.278114659230517
9GHvMeJ4ZWuAX6sDGscFL1TBMszx2EehnrcTVUy4MZJQ,5.278114659230517
scb2TYPmwHgKxXJaJNq6gHKwYkVyLKx58hz9RbCKZZR,5.278114659230517
meshRrDTME9cL2FSQ9E56EncfkZ7vL8apwcCFsw3o6Y,5.278114659230517
stacheBmGG5zMKuetUevAbc4m4dLbve1VPcpSur3voH,5.278114659230517
noMiSMNpN3iGeX3WdF5M2KQdFUQt2RYYpfJ4dN1Ni3k,5.278114659230517
AxiomRXZAq1Jgjj9pHmNqVP7Lhu67wLXZJZbaK87TTSk,5.2574953720277815
Awes4Tr6TX8JDzEhCZY2QVNimT6iD1zWHzf1vNyGvpLM,4.969813299576001
sfvTq7ojrEc5WdXcHijz676eX1pc5MgoLxbkYSdRDAB,4.795790545596741
AjAubETeBLhebBxLcErmzbavZfqF9bCxkpRAdyJtoi9G,4.68213122712422
BuonuQoAR74GoMwCFhxKWVWWSGGt2wfbNmQ3cizaJ97G,4.394449154672439
BP8TxUroBDw97JWmc9bfg9bs8PoE6MA71SSihhBNUJR4,4.1588830833596715
5fSQdv4zsAJNx6RKpGho6sL6rY6a8nziaqcmwaRJB9NE,4.1588830833596715
Stakex4B2tpDHPWGvV1dninfiaYCGdakgTknpzPitLh,4.1588830833596715
Bk2qYNMa4hUkbutBcb4JHhMqAbGEFZq4KjicpMCwC2wn,4.1588830833596715
2JkFW37X7qq9KDzFrF9b4ZNk1DcLBPJ6KQeneXJVitpw,3.8918202981106265
7iCDKGmjkM95P89kzRcYiawsefMnv93ntX8Euhz3unra,3.2188758248682006
GHeoPQitvVKSVisuRpfAdW3vmB6Bi3cVE86CWbDqT2Z5,2.3978952727983707
ping6gwBZx1ccMMFyLgkVSupUmujYrFidEXuNRPq989,2.3978952727983707